{ "copyright_notice": "FDR Version 4.2.4 copyright 2016 Oxford University Innovation Ltd. All Rights Reserved.","license_type": "Academic license for non-commercial use only","results": [{ "assertion_string": "p4_C ; itick -> STOP\n    [T= prioritise(p4_Ct, <{}, {mark}, {itick, tick}, {tock}>)","errors": ["An operator that cannot be recursed through was recursed through. In particular, the process:\n    normal(p4_C ; itick -> STOP)\ncontains a recursion through the process:\n    p4_C::i93 [| {✓, tock} |] p4_C::i94\nHowever, the operator  [|…|] does not allow recursion.\nOperator Stack:\n    normal(p4_C ; itick -> STOP):\n        p4_C ; itick -> STOP\n    p4_C:\n        p4_C::i93 [| {✓, tock} |] p4_C::i94\n"]}],"print_statement_results": [],"file_name": "GenFiles\/p4_C\/FDR\/p4_C_s2\/p4_C_s2.csp","event_map": {},"warnings": [],"errors": []}