{ "copyright_notice": "FDR Version 4.2.4 copyright 2016 Oxford University Innovation Ltd. All Rights Reserved.","license_type": "Academic license for non-commercial use only","results": [{ "assertion_string": "p1_7 ; itick -> STOP [] tp01\n    [T= prioritise(p1_7t, <{}, {mark}, {itick, tick}, {tock}>)","errors": [],"is_negated": 0,"result": 1,"visited_states": 8,"visited_transitions": 9,"visited_plys": 7,"counterexamples": []}],"print_statement_results": [],"file_name": "GenFiles\/p1_7\/FDR\/p1_7_s3\/p1_7_s3.csp","event_map": {},"warnings": [],"errors": []}