{ "copyright_notice": "FDR Version 4.2.4 copyright 2016 Oxford University Innovation Ltd. All Rights Reserved.","license_type": "Academic license for non-commercial use only","results": [{ "assertion_string": "p8_9 ; itick -> STOP [] tp01\n    [T= prioritise(p8_9t, <{}, {mark}, {itick, tick}, {tock}>)","errors": [],"is_negated": 0,"result": 1,"visited_states": 8,"visited_transitions": 8,"visited_plys": 4,"counterexamples": []}],"print_statement_results": [],"file_name": "GenFiles\/p8_9\/FDR\/p8_9_s1\/p8_9_s1.csp","event_map": {},"warnings": [],"errors": []}