<?xml version="1.0" encoding="utf-8"?>
<!DOCTYPE nta PUBLIC '-//Uppaal Team//DTD Flat System 1.1//EN' 'http://www.it.uu.se/research/group/darts/uppaal/flat-1_2.dtd'>
<nta>
	<declaration>
  chan tick, iitick, itau, startID0_0, startID0_1, startID0_2, startID0_3, startID0_4, startID0_5, startID00_6, startID01_7, startID010_8, startID010_9, startID010_10, startID010_11, startID010_12, startID010_13, startID010_14, startID010_15, startID010_16, startID010_17, startID010_18, startID010_19, startID010_20, startID010_21, startID010_22, startID010_23, startID010_24, startID010_25, startID010_26, startID010_27, startID010_28, startID011_9, startID, startIDAutoBarrier, startIDResponse, startIDNoResponse, startExcp0, startExcp1, startExcp2, startExcp3, startExcp4, startExcp5, startExcp6, startExcp7, startExcp8, startExcp9, startExcp10, startExcp11, startExcp12, startExcp13, startExcp14, startExcp15, finishID0, finishID1, finishID2, finishID3, finishID4, finishID5, finishID6, finishID7, finishID8, finishID9, finishID10, finishID11, finishID12, finishID13, finishID14, finishID15, acceptTicket_intrpt, dispenseTicket_intrpt, tock_intrpt, raiseBarrier_intrpt, acceptTicket, dispenseTicket, raiseBarrier;
broadcast  chan tock, acceptTicket_exch, dispenseTicket_exch, tock_exch, raiseBarrier_exch, itau_exch;
  clock ck;
  bool ep_0_0 = 0, ep_0_1 = 0, ep_0_2 = 0, ep_0_3 = 0, ep_0_4 = 0, ep_0_5 = 0, ep_00_6 = 0, ep_017 = 0, ep_010_8 = 0, ep_010_9 = 0, ep_010_10 = 0, ep_010_11 = 0, ep_010_12 = 0, ep_010_13 = 0, ep_010_14 = 0, ep_010_15 = 0, ep_010_16 = 0, ep_010_17 = 0, ep_010_18 = 0, ep_010_19 = 0, ep_010_20 = 0, ep_010_21 = 0, ep_010_22 = 0, ep_010_23 = 0, ep_010_24 = 0, ep_010_25 = 0, ep_010_26 = 0, ep_010_27 = 0, ep_010_28 = 0, ep_011_9 = 0, ep_FID0 = 0, ep_acceptTicket_sync = 0, ep_dispenseTicket_sync = 0, ep_tock_sync = 0, ep_raiseBarrier_sync = 0, acceptTicket_intrpt_guard = 0, dispenseTicket_intrpt_guard = 0, tock_intrpt_guard = 0, raiseBarrier_intrpt_guard = 0;
  int d0_0 = 0, d0_1 = 0, d0_2 = 0, d0_3 = 0, d0_4 = 0, d0_5 = 0, d00_6 = 0, d017 = 0, d010_8 = 0, d010_9 = 0, d010_10 = 0, d010_11 = 0, d010_12 = 0, d010_13 = 0, d010_14 = 0, d010_15 = 0, d010_16 = 0, d010_17 = 0, d010_18 = 0, d010_19 = 0, d010_20 = 0, d010_21 = 0, d010_22 = 0, d010_23 = 0, d010_24 = 0, d010_25 = 0, d010_26 = 0, d010_27 = 0, d010_28 = 0, d011_9 = 0, ready_c = 0, gIntrpt = 0, guard_c = 1, start = 0, dp = 0, tdeadline = 0, acceptTicket_exch_ready, dispenseTicket_exch_ready, tock_exch_ready, raiseBarrier_exch_ready, itau_exch_ready;
 int __reach__  = 0, __single__  = 0;     
// Needed for Uppaal to work correctly in the verification of reachability
</declaration>
	<template>
		<name> Env</name>
		<parameter> </parameter>
		<declaration>

</declaration>
		<location id="id0" x="40" y="80">
			<name x="30" y="50"> taEnv</name>
		</location>
		<init ref="id0"/>
		<transition>
			<source ref="id0"/>
			<target ref="id0"/>
			<label kind="synchronisation" x="-20" y="65">acceptTicket?</label>
			<nail x="10" y="50"/>
			<nail x="70" y="50"/>
		</transition>
		<transition>
			<source ref="id0"/>
			<target ref="id0"/>
			<label kind="synchronisation" x="-20" y="65">dispenseTicket?</label>
			<nail x="10" y="50"/>
			<nail x="70" y="50"/>
		</transition>
		<transition>
			<source ref="id0"/>
			<target ref="id0"/>
			<label kind="synchronisation" x="-20" y="65">tock?</label>
			<nail x="10" y="50"/>
			<nail x="70" y="50"/>
		</transition>
		<transition>
			<source ref="id0"/>
			<target ref="id0"/>
			<label kind="synchronisation" x="-20" y="65">raiseBarrier?</label>
			<nail x="10" y="50"/>
			<nail x="70" y="50"/>
		</transition>
		<transition>
			<source ref="id0"/>
			<target ref="id0"/>
			<label kind="guard" x="-20" y="50">start==0</label>
			<label kind="synchronisation" x="-20" y="65">startID0_0!</label>
			<label kind="assignment" x="-20" y="80">start=1</label>
			<nail x="10" y="50"/>
			<nail x="70" y="50"/>
		</transition>
		<transition>
			<source ref="id0"/>
			<target ref="id0"/>
			<label kind="guard" x="-20" y="50">start==0</label>
			<label kind="synchronisation" x="-20" y="65">startIDAutoBarrier!</label>
			<label kind="assignment" x="-20" y="80">start=1</label>
			<nail x="10" y="50"/>
			<nail x="70" y="50"/>
		</transition>
		<transition>
			<source ref="id0"/>
			<target ref="id0"/>
			<label kind="synchronisation" x="-20" y="65">finishID0?</label>
			<label kind="assignment" x="-20" y="80">dp+=1, ep_FID0=true</label>
			<nail x="10" y="50"/>
			<nail x="70" y="50"/>
		</transition>
		<transition>
			<source ref="id0"/>
			<target ref="id0"/>
			<label kind="synchronisation" x="-20" y="65">tick?</label>
			<nail x="10" y="50"/>
			<nail x="70" y="50"/>
		</transition>
		<transition>
			<source ref="id0"/>
			<target ref="id0"/>
			<label kind="synchronisation" x="-20" y="65">iitick?</label>
			<nail x="10" y="50"/>
			<nail x="70" y="50"/>
		</transition>
		<transition>
			<source ref="id0"/>
			<target ref="id0"/>
			<label kind="synchronisation" x="-20" y="65">itau?</label>
			<nail x="10" y="50"/>
			<nail x="70" y="50"/>
		</transition>
		<transition>
			<source ref="id0"/>
			<target ref="id0"/>
			<label kind="guard" x="-20" y="50">ck&lt;=1</label>
			<label kind="synchronisation" x="-20" y="65">tock!</label>
			<label kind="assignment" x="-20" y="80">ck=0</label>
			<nail x="10" y="50"/>
			<nail x="70" y="50"/>
		</transition>
	</template>
	<template>
		<name> taPrefix0_0</name>
		<parameter> </parameter>
		<declaration>

</declaration>
		<location id="id1" x="40" y="80">
			<name x="30" y="50"> s1</name>
		</location>
		<location id="id2" x="190" y="80">
			<name x="180" y="50"> s2</name>
		</location>
		<location id="id3" x="190" y="230">
			<name x="180" y="200"> s5</name>
			<committed/>
		</location>
		<init ref="id1"/>
		<transition>
			<source ref="id1"/>
			<target ref="id2"/>
			<label kind="synchronisation" x="55" y="65">startIDAutoBarrier?</label>
		</transition>
		<transition>
			<source ref="id2"/>
			<target ref="id3"/>
			<label kind="synchronisation" x="130" y="140">acceptTicket!</label>
			<label kind="assignment" x="130" y="155">dp+=1, ep_0_0=true</label>
		</transition>
		<transition>
			<source ref="id3"/>
			<target ref="id1"/>
			<label kind="synchronisation" x="55" y="140">startID0_1!</label>
		</transition>
		<transition>
			<source ref="id2"/>
			<target ref="id2"/>
			<label kind="synchronisation" x="130" y="65">tock?</label>
			<nail x="160" y="50"/>
			<nail x="220" y="50"/>
		</transition>
	</template>
	<template>
		<name> taPrefix0_1</name>
		<parameter> </parameter>
		<declaration>

</declaration>
		<location id="id4" x="40" y="80">
			<name x="30" y="50"> s1</name>
		</location>
		<location id="id5" x="190" y="80">
			<name x="180" y="50"> s2</name>
		</location>
		<location id="id6" x="190" y="230">
			<name x="180" y="200"> s5</name>
			<committed/>
		</location>
		<init ref="id4"/>
		<transition>
			<source ref="id4"/>
			<target ref="id5"/>
			<label kind="synchronisation" x="55" y="65">startID0_1?</label>
		</transition>
		<transition>
			<source ref="id5"/>
			<target ref="id6"/>
			<label kind="synchronisation" x="130" y="140">dispenseTicket!</label>
			<label kind="assignment" x="130" y="155">dp+=1, ep_0_1=true</label>
		</transition>
		<transition>
			<source ref="id6"/>
			<target ref="id4"/>
			<label kind="synchronisation" x="55" y="140">startID0_2!</label>
		</transition>
		<transition>
			<source ref="id5"/>
			<target ref="id5"/>
			<label kind="synchronisation" x="130" y="65">tock?</label>
			<nail x="160" y="50"/>
			<nail x="220" y="50"/>
		</transition>
	</template>
	<template>
		<name> taPrefix0_2</name>
		<parameter> </parameter>
		<declaration>

</declaration>
		<location id="id7" x="40" y="80">
			<name x="30" y="50"> s1</name>
		</location>
		<location id="id8" x="190" y="80">
			<name x="180" y="50"> s2</name>
		</location>
		<location id="id9" x="190" y="230">
			<name x="180" y="200"> s5</name>
			<committed/>
		</location>
		<init ref="id7"/>
		<transition>
			<source ref="id7"/>
			<target ref="id8"/>
			<label kind="synchronisation" x="55" y="65">startID0_2?</label>
		</transition>
		<transition>
			<source ref="id8"/>
			<target ref="id9"/>
			<label kind="synchronisation" x="130" y="140">tock!</label>
			<label kind="assignment" x="130" y="155">dp+=1, ep_0_2=true</label>
		</transition>
		<transition>
			<source ref="id9"/>
			<target ref="id7"/>
			<label kind="synchronisation" x="55" y="140">startID0_3!</label>
		</transition>
		<transition>
			<source ref="id8"/>
			<target ref="id8"/>
			<label kind="synchronisation" x="130" y="65">tock?</label>
			<nail x="160" y="50"/>
			<nail x="220" y="50"/>
		</transition>
	</template>
	<template>
		<name> taPrefix0_3</name>
		<parameter> </parameter>
		<declaration>

</declaration>
		<location id="id10" x="40" y="80">
			<name x="30" y="50"> s1</name>
		</location>
		<location id="id11" x="190" y="80">
			<name x="180" y="50"> s2</name>
		</location>
		<location id="id12" x="190" y="230">
			<name x="180" y="200"> s5</name>
			<committed/>
		</location>
		<init ref="id10"/>
		<transition>
			<source ref="id10"/>
			<target ref="id11"/>
			<label kind="synchronisation" x="55" y="65">startID0_3?</label>
		</transition>
		<transition>
			<source ref="id11"/>
			<target ref="id12"/>
			<label kind="synchronisation" x="130" y="140">tock!</label>
			<label kind="assignment" x="130" y="155">dp+=1, ep_0_3=true</label>
		</transition>
		<transition>
			<source ref="id12"/>
			<target ref="id10"/>
			<label kind="synchronisation" x="55" y="140">startID0_4!</label>
		</transition>
		<transition>
			<source ref="id11"/>
			<target ref="id11"/>
			<label kind="synchronisation" x="130" y="65">tock?</label>
			<nail x="160" y="50"/>
			<nail x="220" y="50"/>
		</transition>
	</template>
	<template>
		<name> taPrefix0_4</name>
		<parameter> </parameter>
		<declaration>

</declaration>
		<location id="id13" x="40" y="80">
			<name x="30" y="50"> s1</name>
		</location>
		<location id="id14" x="190" y="80">
			<name x="180" y="50"> s2</name>
		</location>
		<location id="id15" x="190" y="230">
			<name x="180" y="200"> s5</name>
			<committed/>
		</location>
		<init ref="id13"/>
		<transition>
			<source ref="id13"/>
			<target ref="id14"/>
			<label kind="synchronisation" x="55" y="65">startID0_4?</label>
		</transition>
		<transition>
			<source ref="id14"/>
			<target ref="id15"/>
			<label kind="synchronisation" x="130" y="140">raiseBarrier!</label>
			<label kind="assignment" x="130" y="155">dp+=1, ep_0_4=true</label>
		</transition>
		<transition>
			<source ref="id15"/>
			<target ref="id13"/>
			<label kind="synchronisation" x="55" y="140">startID0_5!</label>
		</transition>
		<transition>
			<source ref="id14"/>
			<target ref="id14"/>
			<label kind="synchronisation" x="130" y="65">tock?</label>
			<nail x="160" y="50"/>
			<nail x="220" y="50"/>
		</transition>
	</template>
	<template>
		<name> taExtCho0_5</name>
		<parameter> </parameter>
		<declaration>

</declaration>
		<location id="id16" x="40" y="80">
			<name x="30" y="50"> s1</name>
		</location>
		<location id="id17" x="190" y="80">
			<name x="180" y="50"> s2</name>
			<committed/>
		</location>
		<location id="id18" x="190" y="230">
			<name x="180" y="200"> s3</name>
			<committed/>
		</location>
		<init ref="id16"/>
		<transition>
			<source ref="id16"/>
			<target ref="id17"/>
			<label kind="synchronisation" x="55" y="65">startID0_5?</label>
		</transition>
		<transition>
			<source ref="id17"/>
			<target ref="id18"/>
			<label kind="synchronisation" x="130" y="140">startID00_6!</label>
		</transition>
		<transition>
			<source ref="id18"/>
			<target ref="id16"/>
			<label kind="synchronisation" x="55" y="140">startID01_7!</label>
		</transition>
	</template>
	<template>
		<name> taNamedP00_6</name>
		<parameter> </parameter>
		<declaration>

</declaration>
		<location id="id19" x="40" y="80">
			<name x="30" y="50"> s1</name>
		</location>
		<location id="id20" x="190" y="80">
			<name x="180" y="50"> s2</name>
		</location>
		<init ref="id19"/>
		<transition>
			<source ref="id19"/>
			<target ref="id20"/>
			<label kind="synchronisation" x="55" y="65">startID00_6?</label>
		</transition>
		<transition>
			<source ref="id20"/>
			<target ref="id19"/>
			<label kind="synchronisation" x="55" y="65">startIDResponse!</label>
		</transition>
	</template>
	<template>
		<name> taSequen017</name>
		<parameter> </parameter>
		<declaration>

</declaration>
		<location id="id21" x="40" y="80">
			<name x="30" y="50"> s1</name>
		</location>
		<location id="id22" x="190" y="80">
			<name x="180" y="50"> s2</name>
			<committed/>
		</location>
		<location id="id23" x="190" y="230">
			<name x="180" y="200"> s3</name>
		</location>
		<location id="id24" x="40" y="230">
			<name x="30" y="200"> s4</name>
			<committed/>
		</location>
		<init ref="id21"/>
		<transition>
			<source ref="id21"/>
			<target ref="id22"/>
			<label kind="synchronisation" x="55" y="65">startID01_7?</label>
		</transition>
		<transition>
			<source ref="id22"/>
			<target ref="id23"/>
			<label kind="synchronisation" x="130" y="140">startID010_8!</label>
		</transition>
		<transition>
			<source ref="id23"/>
			<target ref="id24"/>
			<label kind="synchronisation" x="55" y="215">finishID1?</label>
		</transition>
		<transition>
			<source ref="id24"/>
			<target ref="id21"/>
			<label kind="synchronisation" x="-20" y="140">startID011_9!</label>
		</transition>
	</template>
	<template>
		<name> taPrefix010_8</name>
		<parameter> </parameter>
		<declaration>

</declaration>
		<location id="id25" x="40" y="80">
			<name x="30" y="50"> s1</name>
		</location>
		<location id="id26" x="190" y="80">
			<name x="180" y="50"> s2</name>
		</location>
		<location id="id27" x="190" y="230">
			<name x="180" y="200"> s5</name>
			<committed/>
		</location>
		<init ref="id25"/>
		<transition>
			<source ref="id25"/>
			<target ref="id26"/>
			<label kind="synchronisation" x="55" y="65">startID010_8?</label>
		</transition>
		<transition>
			<source ref="id26"/>
			<target ref="id27"/>
			<label kind="synchronisation" x="130" y="140">tock?</label>
			<label kind="assignment" x="130" y="155">dp+=1, ep_010_8=true</label>
		</transition>
		<transition>
			<source ref="id27"/>
			<target ref="id25"/>
			<label kind="synchronisation" x="55" y="140">startID010_9!</label>
		</transition>
		<transition>
			<source ref="id26"/>
			<target ref="id26"/>
			<label kind="synchronisation" x="130" y="65">tock?</label>
			<nail x="160" y="50"/>
			<nail x="220" y="50"/>
		</transition>
	</template>
	<template>
		<name> taPrefix010_9</name>
		<parameter> </parameter>
		<declaration>

</declaration>
		<location id="id28" x="40" y="80">
			<name x="30" y="50"> s1</name>
		</location>
		<location id="id29" x="190" y="80">
			<name x="180" y="50"> s2</name>
		</location>
		<location id="id30" x="190" y="230">
			<name x="180" y="200"> s5</name>
			<committed/>
		</location>
		<init ref="id28"/>
		<transition>
			<source ref="id28"/>
			<target ref="id29"/>
			<label kind="synchronisation" x="55" y="65">startID010_9?</label>
		</transition>
		<transition>
			<source ref="id29"/>
			<target ref="id30"/>
			<label kind="synchronisation" x="130" y="140">tock?</label>
			<label kind="assignment" x="130" y="155">dp+=1, ep_010_9=true</label>
		</transition>
		<transition>
			<source ref="id30"/>
			<target ref="id28"/>
			<label kind="synchronisation" x="55" y="140">startID010_10!</label>
		</transition>
		<transition>
			<source ref="id29"/>
			<target ref="id29"/>
			<label kind="synchronisation" x="130" y="65">tock?</label>
			<nail x="160" y="50"/>
			<nail x="220" y="50"/>
		</transition>
	</template>
	<template>
		<name> taPrefix010_10</name>
		<parameter> </parameter>
		<declaration>

</declaration>
		<location id="id31" x="40" y="80">
			<name x="30" y="50"> s1</name>
		</location>
		<location id="id32" x="190" y="80">
			<name x="180" y="50"> s2</name>
		</location>
		<location id="id33" x="190" y="230">
			<name x="180" y="200"> s5</name>
			<committed/>
		</location>
		<init ref="id31"/>
		<transition>
			<source ref="id31"/>
			<target ref="id32"/>
			<label kind="synchronisation" x="55" y="65">startID010_10?</label>
		</transition>
		<transition>
			<source ref="id32"/>
			<target ref="id33"/>
			<label kind="synchronisation" x="130" y="140">tock?</label>
			<label kind="assignment" x="130" y="155">dp+=1, ep_010_10=true</label>
		</transition>
		<transition>
			<source ref="id33"/>
			<target ref="id31"/>
			<label kind="synchronisation" x="55" y="140">startID010_11!</label>
		</transition>
		<transition>
			<source ref="id32"/>
			<target ref="id32"/>
			<label kind="synchronisation" x="130" y="65">tock?</label>
			<nail x="160" y="50"/>
			<nail x="220" y="50"/>
		</transition>
	</template>
	<template>
		<name> taPrefix010_11</name>
		<parameter> </parameter>
		<declaration>

</declaration>
		<location id="id34" x="40" y="80">
			<name x="30" y="50"> s1</name>
		</location>
		<location id="id35" x="190" y="80">
			<name x="180" y="50"> s2</name>
		</location>
		<location id="id36" x="190" y="230">
			<name x="180" y="200"> s5</name>
			<committed/>
		</location>
		<init ref="id34"/>
		<transition>
			<source ref="id34"/>
			<target ref="id35"/>
			<label kind="synchronisation" x="55" y="65">startID010_11?</label>
		</transition>
		<transition>
			<source ref="id35"/>
			<target ref="id36"/>
			<label kind="synchronisation" x="130" y="140">tock?</label>
			<label kind="assignment" x="130" y="155">dp+=1, ep_010_11=true</label>
		</transition>
		<transition>
			<source ref="id36"/>
			<target ref="id34"/>
			<label kind="synchronisation" x="55" y="140">startID010_12!</label>
		</transition>
		<transition>
			<source ref="id35"/>
			<target ref="id35"/>
			<label kind="synchronisation" x="130" y="65">tock?</label>
			<nail x="160" y="50"/>
			<nail x="220" y="50"/>
		</transition>
	</template>
	<template>
		<name> taPrefix010_12</name>
		<parameter> </parameter>
		<declaration>

</declaration>
		<location id="id37" x="40" y="80">
			<name x="30" y="50"> s1</name>
		</location>
		<location id="id38" x="190" y="80">
			<name x="180" y="50"> s2</name>
		</location>
		<location id="id39" x="190" y="230">
			<name x="180" y="200"> s5</name>
			<committed/>
		</location>
		<init ref="id37"/>
		<transition>
			<source ref="id37"/>
			<target ref="id38"/>
			<label kind="synchronisation" x="55" y="65">startID010_12?</label>
		</transition>
		<transition>
			<source ref="id38"/>
			<target ref="id39"/>
			<label kind="synchronisation" x="130" y="140">tock?</label>
			<label kind="assignment" x="130" y="155">dp+=1, ep_010_12=true</label>
		</transition>
		<transition>
			<source ref="id39"/>
			<target ref="id37"/>
			<label kind="synchronisation" x="55" y="140">startID010_13!</label>
		</transition>
		<transition>
			<source ref="id38"/>
			<target ref="id38"/>
			<label kind="synchronisation" x="130" y="65">tock?</label>
			<nail x="160" y="50"/>
			<nail x="220" y="50"/>
		</transition>
	</template>
	<template>
		<name> taPrefix010_13</name>
		<parameter> </parameter>
		<declaration>

</declaration>
		<location id="id40" x="40" y="80">
			<name x="30" y="50"> s1</name>
		</location>
		<location id="id41" x="190" y="80">
			<name x="180" y="50"> s2</name>
		</location>
		<location id="id42" x="190" y="230">
			<name x="180" y="200"> s5</name>
			<committed/>
		</location>
		<init ref="id40"/>
		<transition>
			<source ref="id40"/>
			<target ref="id41"/>
			<label kind="synchronisation" x="55" y="65">startID010_13?</label>
		</transition>
		<transition>
			<source ref="id41"/>
			<target ref="id42"/>
			<label kind="synchronisation" x="130" y="140">tock?</label>
			<label kind="assignment" x="130" y="155">dp+=1, ep_010_13=true</label>
		</transition>
		<transition>
			<source ref="id42"/>
			<target ref="id40"/>
			<label kind="synchronisation" x="55" y="140">startID010_14!</label>
		</transition>
		<transition>
			<source ref="id41"/>
			<target ref="id41"/>
			<label kind="synchronisation" x="130" y="65">tock?</label>
			<nail x="160" y="50"/>
			<nail x="220" y="50"/>
		</transition>
	</template>
	<template>
		<name> taPrefix010_14</name>
		<parameter> </parameter>
		<declaration>

</declaration>
		<location id="id43" x="40" y="80">
			<name x="30" y="50"> s1</name>
		</location>
		<location id="id44" x="190" y="80">
			<name x="180" y="50"> s2</name>
		</location>
		<location id="id45" x="190" y="230">
			<name x="180" y="200"> s5</name>
			<committed/>
		</location>
		<init ref="id43"/>
		<transition>
			<source ref="id43"/>
			<target ref="id44"/>
			<label kind="synchronisation" x="55" y="65">startID010_14?</label>
		</transition>
		<transition>
			<source ref="id44"/>
			<target ref="id45"/>
			<label kind="synchronisation" x="130" y="140">tock?</label>
			<label kind="assignment" x="130" y="155">dp+=1, ep_010_14=true</label>
		</transition>
		<transition>
			<source ref="id45"/>
			<target ref="id43"/>
			<label kind="synchronisation" x="55" y="140">startID010_15!</label>
		</transition>
		<transition>
			<source ref="id44"/>
			<target ref="id44"/>
			<label kind="synchronisation" x="130" y="65">tock?</label>
			<nail x="160" y="50"/>
			<nail x="220" y="50"/>
		</transition>
	</template>
	<template>
		<name> taPrefix010_15</name>
		<parameter> </parameter>
		<declaration>

</declaration>
		<location id="id46" x="40" y="80">
			<name x="30" y="50"> s1</name>
		</location>
		<location id="id47" x="190" y="80">
			<name x="180" y="50"> s2</name>
		</location>
		<location id="id48" x="190" y="230">
			<name x="180" y="200"> s5</name>
			<committed/>
		</location>
		<init ref="id46"/>
		<transition>
			<source ref="id46"/>
			<target ref="id47"/>
			<label kind="synchronisation" x="55" y="65">startID010_15?</label>
		</transition>
		<transition>
			<source ref="id47"/>
			<target ref="id48"/>
			<label kind="synchronisation" x="130" y="140">tock?</label>
			<label kind="assignment" x="130" y="155">dp+=1, ep_010_15=true</label>
		</transition>
		<transition>
			<source ref="id48"/>
			<target ref="id46"/>
			<label kind="synchronisation" x="55" y="140">startID010_16!</label>
		</transition>
		<transition>
			<source ref="id47"/>
			<target ref="id47"/>
			<label kind="synchronisation" x="130" y="65">tock?</label>
			<nail x="160" y="50"/>
			<nail x="220" y="50"/>
		</transition>
	</template>
	<template>
		<name> taPrefix010_16</name>
		<parameter> </parameter>
		<declaration>

</declaration>
		<location id="id49" x="40" y="80">
			<name x="30" y="50"> s1</name>
		</location>
		<location id="id50" x="190" y="80">
			<name x="180" y="50"> s2</name>
		</location>
		<location id="id51" x="190" y="230">
			<name x="180" y="200"> s5</name>
			<committed/>
		</location>
		<init ref="id49"/>
		<transition>
			<source ref="id49"/>
			<target ref="id50"/>
			<label kind="synchronisation" x="55" y="65">startID010_16?</label>
		</transition>
		<transition>
			<source ref="id50"/>
			<target ref="id51"/>
			<label kind="synchronisation" x="130" y="140">tock?</label>
			<label kind="assignment" x="130" y="155">dp+=1, ep_010_16=true</label>
		</transition>
		<transition>
			<source ref="id51"/>
			<target ref="id49"/>
			<label kind="synchronisation" x="55" y="140">startID010_17!</label>
		</transition>
		<transition>
			<source ref="id50"/>
			<target ref="id50"/>
			<label kind="synchronisation" x="130" y="65">tock?</label>
			<nail x="160" y="50"/>
			<nail x="220" y="50"/>
		</transition>
	</template>
	<template>
		<name> taPrefix010_17</name>
		<parameter> </parameter>
		<declaration>

</declaration>
		<location id="id52" x="40" y="80">
			<name x="30" y="50"> s1</name>
		</location>
		<location id="id53" x="190" y="80">
			<name x="180" y="50"> s2</name>
		</location>
		<location id="id54" x="190" y="230">
			<name x="180" y="200"> s5</name>
			<committed/>
		</location>
		<init ref="id52"/>
		<transition>
			<source ref="id52"/>
			<target ref="id53"/>
			<label kind="synchronisation" x="55" y="65">startID010_17?</label>
		</transition>
		<transition>
			<source ref="id53"/>
			<target ref="id54"/>
			<label kind="synchronisation" x="130" y="140">tock?</label>
			<label kind="assignment" x="130" y="155">dp+=1, ep_010_17=true</label>
		</transition>
		<transition>
			<source ref="id54"/>
			<target ref="id52"/>
			<label kind="synchronisation" x="55" y="140">startID010_18!</label>
		</transition>
		<transition>
			<source ref="id53"/>
			<target ref="id53"/>
			<label kind="synchronisation" x="130" y="65">tock?</label>
			<nail x="160" y="50"/>
			<nail x="220" y="50"/>
		</transition>
	</template>
	<template>
		<name> taPrefix010_18</name>
		<parameter> </parameter>
		<declaration>

</declaration>
		<location id="id55" x="40" y="80">
			<name x="30" y="50"> s1</name>
		</location>
		<location id="id56" x="190" y="80">
			<name x="180" y="50"> s2</name>
		</location>
		<location id="id57" x="190" y="230">
			<name x="180" y="200"> s5</name>
			<committed/>
		</location>
		<init ref="id55"/>
		<transition>
			<source ref="id55"/>
			<target ref="id56"/>
			<label kind="synchronisation" x="55" y="65">startID010_18?</label>
		</transition>
		<transition>
			<source ref="id56"/>
			<target ref="id57"/>
			<label kind="synchronisation" x="130" y="140">tock?</label>
			<label kind="assignment" x="130" y="155">dp+=1, ep_010_18=true</label>
		</transition>
		<transition>
			<source ref="id57"/>
			<target ref="id55"/>
			<label kind="synchronisation" x="55" y="140">startID010_19!</label>
		</transition>
		<transition>
			<source ref="id56"/>
			<target ref="id56"/>
			<label kind="synchronisation" x="130" y="65">tock?</label>
			<nail x="160" y="50"/>
			<nail x="220" y="50"/>
		</transition>
	</template>
	<template>
		<name> taPrefix010_19</name>
		<parameter> </parameter>
		<declaration>

</declaration>
		<location id="id58" x="40" y="80">
			<name x="30" y="50"> s1</name>
		</location>
		<location id="id59" x="190" y="80">
			<name x="180" y="50"> s2</name>
		</location>
		<location id="id60" x="190" y="230">
			<name x="180" y="200"> s5</name>
			<committed/>
		</location>
		<init ref="id58"/>
		<transition>
			<source ref="id58"/>
			<target ref="id59"/>
			<label kind="synchronisation" x="55" y="65">startID010_19?</label>
		</transition>
		<transition>
			<source ref="id59"/>
			<target ref="id60"/>
			<label kind="synchronisation" x="130" y="140">tock?</label>
			<label kind="assignment" x="130" y="155">dp+=1, ep_010_19=true</label>
		</transition>
		<transition>
			<source ref="id60"/>
			<target ref="id58"/>
			<label kind="synchronisation" x="55" y="140">startID010_20!</label>
		</transition>
		<transition>
			<source ref="id59"/>
			<target ref="id59"/>
			<label kind="synchronisation" x="130" y="65">tock?</label>
			<nail x="160" y="50"/>
			<nail x="220" y="50"/>
		</transition>
	</template>
	<template>
		<name> taPrefix010_20</name>
		<parameter> </parameter>
		<declaration>

</declaration>
		<location id="id61" x="40" y="80">
			<name x="30" y="50"> s1</name>
		</location>
		<location id="id62" x="190" y="80">
			<name x="180" y="50"> s2</name>
		</location>
		<location id="id63" x="190" y="230">
			<name x="180" y="200"> s5</name>
			<committed/>
		</location>
		<init ref="id61"/>
		<transition>
			<source ref="id61"/>
			<target ref="id62"/>
			<label kind="synchronisation" x="55" y="65">startID010_20?</label>
		</transition>
		<transition>
			<source ref="id62"/>
			<target ref="id63"/>
			<label kind="synchronisation" x="130" y="140">tock?</label>
			<label kind="assignment" x="130" y="155">dp+=1, ep_010_20=true</label>
		</transition>
		<transition>
			<source ref="id63"/>
			<target ref="id61"/>
			<label kind="synchronisation" x="55" y="140">startID010_21!</label>
		</transition>
		<transition>
			<source ref="id62"/>
			<target ref="id62"/>
			<label kind="synchronisation" x="130" y="65">tock?</label>
			<nail x="160" y="50"/>
			<nail x="220" y="50"/>
		</transition>
	</template>
	<template>
		<name> taPrefix010_21</name>
		<parameter> </parameter>
		<declaration>

</declaration>
		<location id="id64" x="40" y="80">
			<name x="30" y="50"> s1</name>
		</location>
		<location id="id65" x="190" y="80">
			<name x="180" y="50"> s2</name>
		</location>
		<location id="id66" x="190" y="230">
			<name x="180" y="200"> s5</name>
			<committed/>
		</location>
		<init ref="id64"/>
		<transition>
			<source ref="id64"/>
			<target ref="id65"/>
			<label kind="synchronisation" x="55" y="65">startID010_21?</label>
		</transition>
		<transition>
			<source ref="id65"/>
			<target ref="id66"/>
			<label kind="synchronisation" x="130" y="140">tock?</label>
			<label kind="assignment" x="130" y="155">dp+=1, ep_010_21=true</label>
		</transition>
		<transition>
			<source ref="id66"/>
			<target ref="id64"/>
			<label kind="synchronisation" x="55" y="140">startID010_22!</label>
		</transition>
		<transition>
			<source ref="id65"/>
			<target ref="id65"/>
			<label kind="synchronisation" x="130" y="65">tock?</label>
			<nail x="160" y="50"/>
			<nail x="220" y="50"/>
		</transition>
	</template>
	<template>
		<name> taPrefix010_22</name>
		<parameter> </parameter>
		<declaration>

</declaration>
		<location id="id67" x="40" y="80">
			<name x="30" y="50"> s1</name>
		</location>
		<location id="id68" x="190" y="80">
			<name x="180" y="50"> s2</name>
		</location>
		<location id="id69" x="190" y="230">
			<name x="180" y="200"> s5</name>
			<committed/>
		</location>
		<init ref="id67"/>
		<transition>
			<source ref="id67"/>
			<target ref="id68"/>
			<label kind="synchronisation" x="55" y="65">startID010_22?</label>
		</transition>
		<transition>
			<source ref="id68"/>
			<target ref="id69"/>
			<label kind="synchronisation" x="130" y="140">tock?</label>
			<label kind="assignment" x="130" y="155">dp+=1, ep_010_22=true</label>
		</transition>
		<transition>
			<source ref="id69"/>
			<target ref="id67"/>
			<label kind="synchronisation" x="55" y="140">startID010_23!</label>
		</transition>
		<transition>
			<source ref="id68"/>
			<target ref="id68"/>
			<label kind="synchronisation" x="130" y="65">tock?</label>
			<nail x="160" y="50"/>
			<nail x="220" y="50"/>
		</transition>
	</template>
	<template>
		<name> taPrefix010_23</name>
		<parameter> </parameter>
		<declaration>

</declaration>
		<location id="id70" x="40" y="80">
			<name x="30" y="50"> s1</name>
		</location>
		<location id="id71" x="190" y="80">
			<name x="180" y="50"> s2</name>
		</location>
		<location id="id72" x="190" y="230">
			<name x="180" y="200"> s5</name>
			<committed/>
		</location>
		<init ref="id70"/>
		<transition>
			<source ref="id70"/>
			<target ref="id71"/>
			<label kind="synchronisation" x="55" y="65">startID010_23?</label>
		</transition>
		<transition>
			<source ref="id71"/>
			<target ref="id72"/>
			<label kind="synchronisation" x="130" y="140">tock?</label>
			<label kind="assignment" x="130" y="155">dp+=1, ep_010_23=true</label>
		</transition>
		<transition>
			<source ref="id72"/>
			<target ref="id70"/>
			<label kind="synchronisation" x="55" y="140">startID010_24!</label>
		</transition>
		<transition>
			<source ref="id71"/>
			<target ref="id71"/>
			<label kind="synchronisation" x="130" y="65">tock?</label>
			<nail x="160" y="50"/>
			<nail x="220" y="50"/>
		</transition>
	</template>
	<template>
		<name> taPrefix010_24</name>
		<parameter> </parameter>
		<declaration>

</declaration>
		<location id="id73" x="40" y="80">
			<name x="30" y="50"> s1</name>
		</location>
		<location id="id74" x="190" y="80">
			<name x="180" y="50"> s2</name>
		</location>
		<location id="id75" x="190" y="230">
			<name x="180" y="200"> s5</name>
			<committed/>
		</location>
		<init ref="id73"/>
		<transition>
			<source ref="id73"/>
			<target ref="id74"/>
			<label kind="synchronisation" x="55" y="65">startID010_24?</label>
		</transition>
		<transition>
			<source ref="id74"/>
			<target ref="id75"/>
			<label kind="synchronisation" x="130" y="140">tock?</label>
			<label kind="assignment" x="130" y="155">dp+=1, ep_010_24=true</label>
		</transition>
		<transition>
			<source ref="id75"/>
			<target ref="id73"/>
			<label kind="synchronisation" x="55" y="140">startID010_25!</label>
		</transition>
		<transition>
			<source ref="id74"/>
			<target ref="id74"/>
			<label kind="synchronisation" x="130" y="65">tock?</label>
			<nail x="160" y="50"/>
			<nail x="220" y="50"/>
		</transition>
	</template>
	<template>
		<name> taPrefix010_25</name>
		<parameter> </parameter>
		<declaration>

</declaration>
		<location id="id76" x="40" y="80">
			<name x="30" y="50"> s1</name>
		</location>
		<location id="id77" x="190" y="80">
			<name x="180" y="50"> s2</name>
		</location>
		<location id="id78" x="190" y="230">
			<name x="180" y="200"> s5</name>
			<committed/>
		</location>
		<init ref="id76"/>
		<transition>
			<source ref="id76"/>
			<target ref="id77"/>
			<label kind="synchronisation" x="55" y="65">startID010_25?</label>
		</transition>
		<transition>
			<source ref="id77"/>
			<target ref="id78"/>
			<label kind="synchronisation" x="130" y="140">tock?</label>
			<label kind="assignment" x="130" y="155">dp+=1, ep_010_25=true</label>
		</transition>
		<transition>
			<source ref="id78"/>
			<target ref="id76"/>
			<label kind="synchronisation" x="55" y="140">startID010_26!</label>
		</transition>
		<transition>
			<source ref="id77"/>
			<target ref="id77"/>
			<label kind="synchronisation" x="130" y="65">tock?</label>
			<nail x="160" y="50"/>
			<nail x="220" y="50"/>
		</transition>
	</template>
	<template>
		<name> taPrefix010_26</name>
		<parameter> </parameter>
		<declaration>

</declaration>
		<location id="id79" x="40" y="80">
			<name x="30" y="50"> s1</name>
		</location>
		<location id="id80" x="190" y="80">
			<name x="180" y="50"> s2</name>
		</location>
		<location id="id81" x="190" y="230">
			<name x="180" y="200"> s5</name>
			<committed/>
		</location>
		<init ref="id79"/>
		<transition>
			<source ref="id79"/>
			<target ref="id80"/>
			<label kind="synchronisation" x="55" y="65">startID010_26?</label>
		</transition>
		<transition>
			<source ref="id80"/>
			<target ref="id81"/>
			<label kind="synchronisation" x="130" y="140">tock?</label>
			<label kind="assignment" x="130" y="155">dp+=1, ep_010_26=true</label>
		</transition>
		<transition>
			<source ref="id81"/>
			<target ref="id79"/>
			<label kind="synchronisation" x="55" y="140">startID010_27!</label>
		</transition>
		<transition>
			<source ref="id80"/>
			<target ref="id80"/>
			<label kind="synchronisation" x="130" y="65">tock?</label>
			<nail x="160" y="50"/>
			<nail x="220" y="50"/>
		</transition>
	</template>
	<template>
		<name> taPrefix010_27</name>
		<parameter> </parameter>
		<declaration>

</declaration>
		<location id="id82" x="40" y="80">
			<name x="30" y="50"> s1</name>
		</location>
		<location id="id83" x="190" y="80">
			<name x="180" y="50"> s2</name>
		</location>
		<location id="id84" x="190" y="230">
			<name x="180" y="200"> s5</name>
			<committed/>
		</location>
		<init ref="id82"/>
		<transition>
			<source ref="id82"/>
			<target ref="id83"/>
			<label kind="synchronisation" x="55" y="65">startID010_27?</label>
		</transition>
		<transition>
			<source ref="id83"/>
			<target ref="id84"/>
			<label kind="synchronisation" x="130" y="140">tock?</label>
			<label kind="assignment" x="130" y="155">dp+=1, ep_010_27=true</label>
		</transition>
		<transition>
			<source ref="id84"/>
			<target ref="id82"/>
			<label kind="synchronisation" x="55" y="140">startID010_28!</label>
		</transition>
		<transition>
			<source ref="id83"/>
			<target ref="id83"/>
			<label kind="synchronisation" x="130" y="65">tock?</label>
			<nail x="160" y="50"/>
			<nail x="220" y="50"/>
		</transition>
	</template>
	<template>
		<name> taWait_n010_28</name>
		<parameter> </parameter>
		<declaration>

</declaration>
		<location id="id85" x="40" y="80">
			<name x="30" y="50"> s1</name>
		</location>
		<location id="id86" x="190" y="80">
			<name x="180" y="50"> s2</name>
		</location>
		<location id="id87" x="190" y="230">
			<name x="180" y="200"> s3</name>
			<committed/>
		</location>
		<init ref="id85"/>
		<transition>
			<source ref="id85"/>
			<target ref="id86"/>
			<label kind="synchronisation" x="55" y="65">startID010_28?</label>
		</transition>
		<transition>
			<source ref="id86"/>
			<target ref="id86"/>
			<label kind="synchronisation" x="130" y="65">tock?</label>
			<nail x="160" y="50"/>
			<nail x="220" y="50"/>
		</transition>
		<transition>
			<source ref="id86"/>
			<target ref="id87"/>
			<label kind="synchronisation" x="130" y="140">tick!</label>
		</transition>
		<transition>
			<source ref="id87"/>
			<target ref="id85"/>
			<label kind="synchronisation" x="55" y="140">finishID1!</label>
		</transition>
	</template>
	<template>
		<name> taNamedP011_9</name>
		<parameter> </parameter>
		<declaration>

</declaration>
		<location id="id88" x="40" y="80">
			<name x="30" y="50"> s1</name>
		</location>
		<location id="id89" x="190" y="80">
			<name x="180" y="50"> s2</name>
		</location>
		<init ref="id88"/>
		<transition>
			<source ref="id88"/>
			<target ref="id89"/>
			<label kind="synchronisation" x="55" y="65">startID011_9?</label>
		</transition>
		<transition>
			<source ref="id89"/>
			<target ref="id88"/>
			<label kind="synchronisation" x="55" y="65">startIDNoResponse!</label>
		</transition>
	</template>
	<template>
		<name> SyncTA</name>
		<parameter> </parameter>
		<declaration>

</declaration>
		<location id="id90" x="40" y="80">
			<name x="30" y="50"> SyncPoint</name>
		</location>
		<init ref="id90"/>
	</template>
	<system>
pEnv = Env();
ptaPrefix0_0 = taPrefix0_0();
ptaPrefix0_1 = taPrefix0_1();
ptaPrefix0_2 = taPrefix0_2();
ptaPrefix0_3 = taPrefix0_3();
ptaPrefix0_4 = taPrefix0_4();
ptaExtCho0_5 = taExtCho0_5();
ptaNamedP00_6 = taNamedP00_6();
ptaSequen017 = taSequen017();
ptaPrefix010_8 = taPrefix010_8();
ptaPrefix010_9 = taPrefix010_9();
ptaPrefix010_10 = taPrefix010_10();
ptaPrefix010_11 = taPrefix010_11();
ptaPrefix010_12 = taPrefix010_12();
ptaPrefix010_13 = taPrefix010_13();
ptaPrefix010_14 = taPrefix010_14();
ptaPrefix010_15 = taPrefix010_15();
ptaPrefix010_16 = taPrefix010_16();
ptaPrefix010_17 = taPrefix010_17();
ptaPrefix010_18 = taPrefix010_18();
ptaPrefix010_19 = taPrefix010_19();
ptaPrefix010_20 = taPrefix010_20();
ptaPrefix010_21 = taPrefix010_21();
ptaPrefix010_22 = taPrefix010_22();
ptaPrefix010_23 = taPrefix010_23();
ptaPrefix010_24 = taPrefix010_24();
ptaPrefix010_25 = taPrefix010_25();
ptaPrefix010_26 = taPrefix010_26();
ptaPrefix010_27 = taPrefix010_27();
ptaWait_n010_28 = taWait_n010_28();
ptaNamedP011_9 = taNamedP011_9();
pSyncTA = SyncTA();


system pEnv, ptaPrefix0_0, ptaPrefix0_1, ptaPrefix0_2, ptaPrefix0_3, ptaPrefix0_4, ptaExtCho0_5, ptaNamedP00_6, ptaSequen017, ptaPrefix010_8, ptaPrefix010_9, ptaPrefix010_10, ptaPrefix010_11, ptaPrefix010_12, ptaPrefix010_13, ptaPrefix010_14, ptaPrefix010_15, ptaPrefix010_16, ptaPrefix010_17, ptaPrefix010_18, ptaPrefix010_19, ptaPrefix010_20, ptaPrefix010_21, ptaPrefix010_22, ptaPrefix010_23, ptaPrefix010_24, ptaPrefix010_25, ptaPrefix010_26, ptaPrefix010_27, ptaWait_n010_28, ptaNamedP011_9, pSyncTA;
</system>
	<queries>
		<query>
			<formula>A[] not deadlock
			</formula>
			<comment>Checking Deadlock
			</comment>
		</query>
	</queries>
</nta>
