{ "copyright_notice": "FDR Version 4.2.4 copyright 2016 Oxford University Innovation Ltd. All Rights Reserved.","license_type": "Academic license for non-commercial use only","results": [{ "assertion_string": "pA_C ; itick -> STOP\n    [T= prioritise(pA_Ct, <{}, {mark}, {itick, tick}, {tock}>)","errors": ["An operator that cannot be recursed through was recursed through. In particular, the process:\n    normal(pA_C ; itick -> STOP)\ncontains a recursion through the process:\n    pA_C::i94[[e1 <- e3]]\nHowever, the operator [[…]]does not allow recursion.\nOperator Stack:\n    normal(pA_C ; itick -> STOP):\n        pA_C ; itick -> STOP\n    pA_C:\n        pA_C::i94[[e1 <- e3]]\n"]}],"print_statement_results": [],"file_name": "GenFiles\/pA_C\/FDR\/pA_C_s1\/pA_C_s1.csp","event_map": {},"warnings": [],"errors": []}