{ "copyright_notice": "FDR Version 4.2.4 copyright 2016 Oxford University Innovation Ltd. All Rights Reserved.","license_type": "Academic license for non-commercial use only","results": [{ "assertion_string": "p2_4 ; itick -> STOP [] tp01\n    [T= prioritise(p2_4t, <{}, {mark}, {itick, tick}, {tock}>)","errors": [],"is_negated": 0,"result": 1,"visited_states": 18,"visited_transitions": 19,"visited_plys": 6,"counterexamples": []}],"print_statement_results": [],"file_name": "GenFiles\/p2_4\/FDR\/p2_4_s2\/p2_4_s2.csp","event_map": {},"warnings": [],"errors": []}