<?xml version="1.0" encoding="utf-8"?> 
<!DOCTYPE nta PUBLIC '-//Uppaal Team//DTD Flat System 1.1//EN' 'http://www.it.uu.se/research/group/darts/uppaal/flat-1_2.dtd'>

<nta>
<declaration>
  chan tick, iitick, itau, startID0_0, startID00_1, startID00_2, startID01_2, startID010_3, startID010_4, startID011_4, startID011_5, startID, startIDp2_7, startExcp0, startExcp1, startExcp2, startExcp3, startExcp4, startExcp5, startExcp6, startExcp7, startExcp8, startExcp9, startExcp10, startExcp11, startExcp12, startExcp13, startExcp14, startExcp15, finishID0, finishID1, finishID2, finishID3, finishID4, finishID5, finishID6, finishID7, finishID8, finishID9, finishID10, finishID11, finishID12, finishID13, finishID14, finishID15, e2_intrpt, e3_intrpt, e2, e3;
broadcast  chan tock, e2_exch, e3_exch, itau_exch;
  clock ck;
  bool ep_0_0 = 0, ep_00_1 = 0, ep_00_2 = 0, ep_01_2 = 0, ep_010_3 = 0, ep_010_4 = 0, ep_011_4 = 0, ep_011_5 = 0, ep_FID0 = 0, ep_e2_sync = 0, ep_e3_sync = 0, e2_intrpt_guard = 0, e3_intrpt_guard = 0;
  int d0_0 = 0, d00_1 = 0, d00_2 = 0, d01_2 = 0, d010_3 = 0, d010_4 = 0, d011_4 = 0, d011_5 = 0, ready_c = 0, gIntrpt = 0, guard_c = 1, start = 0, dp = 0, tdeadline = 0, e2_exch_ready, e3_exch_ready, itau_exch_ready;
 int __reach__  = 0, __single__  = 0;     
// Needed for Uppaal to work correctly in the verification of reachability
</declaration>
// template for Env begins 

 <template>
 <name> Env</name> 

 <parameter> </parameter>

 <declaration>

</declaration>

<location id="taEnv" >   
<name> taEnv</name>


</location> 

<init ref="taEnv"/>

<transition>
<source ref="taEnv"/>
<target ref="taEnv"/>
<label kind="synchronisation"> e2?</label>
</transition> 


<transition>
<source ref="taEnv"/>
<target ref="taEnv"/>
<label kind="synchronisation"> e3?</label>
</transition> 


<transition>
<source ref="taEnv"/>
<target ref="taEnv"/>
<label kind="synchronisation"> startID0_0!</label>
<label kind="guard"> start==0 </label>
<label kind="assignment">start=1 </label>
</transition> 


<transition>
<source ref="taEnv"/>
<target ref="taEnv"/>
<label kind="synchronisation"> startIDp2_7!</label>
<label kind="guard"> start==0 </label>
<label kind="assignment">start=1 </label>
</transition> 


<transition>
<source ref="taEnv"/>
<target ref="taEnv"/>
<label kind="synchronisation"> finishID0?</label>
<label kind="assignment">dp+=1, ep_FID0=true </label>
</transition> 


<transition>
<source ref="taEnv"/>
<target ref="taEnv"/>
<label kind="synchronisation"> tick?</label>
</transition> 


<transition>
<source ref="taEnv"/>
<target ref="taEnv"/>
<label kind="synchronisation"> iitick?</label>
</transition> 


<transition>
<source ref="taEnv"/>
<target ref="taEnv"/>
<label kind="synchronisation"> itau?</label>
</transition> 


<transition>
<source ref="taEnv"/>
<target ref="taEnv"/>
<label kind="synchronisation"> tock!</label>
<label kind="guard"> ck&lt;=1 </label>
<label kind="assignment">ck=0 </label>
</transition> 
 </template> 
// template for Env ends

// template for taIntCho0_0 begins 

 <template>
 <name> taIntCho0_0</name> 

 <parameter> </parameter>

 <declaration>

</declaration>

<location id="id1" >   
<name> s1</name>


</location> 

<location id="id2" >   
<name> s2</name>

<committed/>
</location> 

<location id="id3" >   
<name> s3</name>

<committed/>
</location> 

<location id="id4" >   
<name> s4</name>

<committed/>
</location> 

<init ref="id1"/>

<transition>
<source ref="id1"/>
<target ref="id2"/>
<label kind="synchronisation"> startIDp2_7?</label>
</transition> 


<transition>
<source ref="id2"/>
<target ref="id3"/>

</transition> 


<transition>
<source ref="id2"/>
<target ref="id4"/>

</transition> 


<transition>
<source ref="id3"/>
<target ref="id1"/>
<label kind="synchronisation"> startID00_1!</label>
</transition> 


<transition>
<source ref="id4"/>
<target ref="id1"/>
<label kind="synchronisation"> startID01_2!</label>
</transition> 
 </template> 
// template for taIntCho0_0 ends

// template for taPrefix00_1 begins 

 <template>
 <name> taPrefix00_1</name> 

 <parameter> </parameter>

 <declaration>

</declaration>

<location id="id1" >   
<name> s1</name>


</location> 

<location id="id2" >   
<name> s2</name>


</location> 

<location id="id5" >   
<name> s5</name>

<committed/>
</location> 

<init ref="id1"/>

<transition>
<source ref="id1"/>
<target ref="id2"/>
<label kind="synchronisation"> startID00_1?</label>
</transition> 


<transition>
<source ref="id2"/>
<target ref="id5"/>
<label kind="synchronisation"> e2!</label>
<label kind="assignment">dp+=1, ep_00_1=true </label>
</transition> 


<transition>
<source ref="id5"/>
<target ref="id1"/>
<label kind="synchronisation"> startID00_2!</label>
</transition> 


<transition>
<source ref="id2"/>
<target ref="id2"/>
<label kind="synchronisation"> tock?</label>
</transition> 
 </template> 
// template for taPrefix00_1 ends

// template for taWait_n00_2 begins 

 <template>
 <name> taWait_n00_2</name> 

 <parameter> </parameter>

 <declaration>

</declaration>

<location id="id1" >   
<name> s1</name>


</location> 

<location id="id2" >   
<name> s2</name>


</location> 

<location id="id3" >   
<name> s3</name>

<committed/>
</location> 

<init ref="id1"/>

<transition>
<source ref="id1"/>
<target ref="id2"/>
<label kind="synchronisation"> startID00_2?</label>
</transition> 


<transition>
<source ref="id2"/>
<target ref="id2"/>
<label kind="synchronisation"> tock?</label>
</transition> 


<transition>
<source ref="id2"/>
<target ref="id3"/>
<label kind="synchronisation"> tick!</label>
</transition> 


<transition>
<source ref="id3"/>
<target ref="id1"/>
<label kind="synchronisation"> finishID0!</label>
</transition> 
 </template> 
// template for taWait_n00_2 ends

// template for taIntCho01_2 begins 

 <template>
 <name> taIntCho01_2</name> 

 <parameter> </parameter>

 <declaration>

</declaration>

<location id="id1" >   
<name> s1</name>


</location> 

<location id="id2" >   
<name> s2</name>

<committed/>
</location> 

<location id="id3" >   
<name> s3</name>

<committed/>
</location> 

<location id="id4" >   
<name> s4</name>

<committed/>
</location> 

<init ref="id1"/>

<transition>
<source ref="id1"/>
<target ref="id2"/>
<label kind="synchronisation"> startID01_2?</label>
</transition> 


<transition>
<source ref="id2"/>
<target ref="id3"/>

</transition> 


<transition>
<source ref="id2"/>
<target ref="id4"/>

</transition> 


<transition>
<source ref="id3"/>
<target ref="id1"/>
<label kind="synchronisation"> startID010_3!</label>
</transition> 


<transition>
<source ref="id4"/>
<target ref="id1"/>
<label kind="synchronisation"> startID011_4!</label>
</transition> 
 </template> 
// template for taIntCho01_2 ends

// template for taPrefix010_3 begins 

 <template>
 <name> taPrefix010_3</name> 

 <parameter> </parameter>

 <declaration>

</declaration>

<location id="id1" >   
<name> s1</name>


</location> 

<location id="id2" >   
<name> s2</name>


</location> 

<location id="id5" >   
<name> s5</name>

<committed/>
</location> 

<init ref="id1"/>

<transition>
<source ref="id1"/>
<target ref="id2"/>
<label kind="synchronisation"> startID010_3?</label>
</transition> 


<transition>
<source ref="id2"/>
<target ref="id5"/>
<label kind="synchronisation"> e2!</label>
<label kind="assignment">dp+=1, ep_010_3=true </label>
</transition> 


<transition>
<source ref="id5"/>
<target ref="id1"/>
<label kind="synchronisation"> startID010_4!</label>
</transition> 


<transition>
<source ref="id2"/>
<target ref="id2"/>
<label kind="synchronisation"> tock?</label>
</transition> 
 </template> 
// template for taPrefix010_3 ends

// template for taWait_n010_4 begins 

 <template>
 <name> taWait_n010_4</name> 

 <parameter> </parameter>

 <declaration>

</declaration>

<location id="id1" >   
<name> s1</name>


</location> 

<location id="id2" >   
<name> s2</name>


</location> 

<location id="id3" >   
<name> s3</name>

<committed/>
</location> 

<init ref="id1"/>

<transition>
<source ref="id1"/>
<target ref="id2"/>
<label kind="synchronisation"> startID010_4?</label>
</transition> 


<transition>
<source ref="id2"/>
<target ref="id2"/>
<label kind="synchronisation"> tock?</label>
</transition> 


<transition>
<source ref="id2"/>
<target ref="id3"/>
<label kind="synchronisation"> tick!</label>
</transition> 


<transition>
<source ref="id3"/>
<target ref="id1"/>
<label kind="synchronisation"> finishID0!</label>
</transition> 
 </template> 
// template for taWait_n010_4 ends

// template for taPrefix011_4 begins 

 <template>
 <name> taPrefix011_4</name> 

 <parameter> </parameter>

 <declaration>

</declaration>

<location id="id1" >   
<name> s1</name>


</location> 

<location id="id2" >   
<name> s2</name>


</location> 

<location id="id5" >   
<name> s5</name>

<committed/>
</location> 

<init ref="id1"/>

<transition>
<source ref="id1"/>
<target ref="id2"/>
<label kind="synchronisation"> startID011_4?</label>
</transition> 


<transition>
<source ref="id2"/>
<target ref="id5"/>
<label kind="synchronisation"> e3!</label>
<label kind="assignment">dp+=1, ep_011_4=true </label>
</transition> 


<transition>
<source ref="id5"/>
<target ref="id1"/>
<label kind="synchronisation"> startID011_5!</label>
</transition> 


<transition>
<source ref="id2"/>
<target ref="id2"/>
<label kind="synchronisation"> tock?</label>
</transition> 
 </template> 
// template for taPrefix011_4 ends

// template for taWait_n011_5 begins 

 <template>
 <name> taWait_n011_5</name> 

 <parameter> </parameter>

 <declaration>

</declaration>

<location id="id1" >   
<name> s1</name>


</location> 

<location id="id2" >   
<name> s2</name>


</location> 

<location id="id3" >   
<name> s3</name>

<committed/>
</location> 

<init ref="id1"/>

<transition>
<source ref="id1"/>
<target ref="id2"/>
<label kind="synchronisation"> startID011_5?</label>
</transition> 


<transition>
<source ref="id2"/>
<target ref="id2"/>
<label kind="synchronisation"> tock?</label>
</transition> 


<transition>
<source ref="id2"/>
<target ref="id3"/>
<label kind="synchronisation"> tick!</label>
</transition> 


<transition>
<source ref="id3"/>
<target ref="id1"/>
<label kind="synchronisation"> finishID0!</label>
</transition> 
 </template> 
// template for taWait_n011_5 ends

// template for SyncTA begins 

 <template>
 <name> SyncTA</name> 

 <parameter> </parameter>

 <declaration>

</declaration>

<location id="SyncPoint" >   
<name> SyncPoint</name>


</location> 

<init ref="SyncPoint"/>
 </template> 
// template for SyncTA ends


<system>
pEnv = Env();
ptaIntCho0_0 = taIntCho0_0();
ptaPrefix00_1 = taPrefix00_1();
ptaWait_n00_2 = taWait_n00_2();
ptaIntCho01_2 = taIntCho01_2();
ptaPrefix010_3 = taPrefix010_3();
ptaWait_n010_4 = taWait_n010_4();
ptaPrefix011_4 = taPrefix011_4();
ptaWait_n011_5 = taWait_n011_5();
pSyncTA = SyncTA();


system pEnv, ptaIntCho0_0, ptaPrefix00_1, ptaWait_n00_2, ptaIntCho01_2, ptaPrefix010_3, ptaWait_n010_4, ptaPrefix011_4, ptaWait_n011_5, pSyncTA;
</system>

<queries>
<query><formula> E&lt;&gt;  ((dp == 3)) 
</formula>
<comment>  Can we gate a trace up to length 3 
</comment> 
</query> 
</queries>
</nta>