{ "copyright_notice": "FDR Version 4.2.4 copyright 2016 Oxford University Innovation Ltd. All Rights Reserved.","license_type": "Academic license for non-commercial use only","file_name": "GenFiles\/ATM\/FDR\/ATM_s3\/ATM_s3.csp","event_map": {},"warnings": [],"errors": ["GenFiles\/ATM\/FDR\/ATM_s3\/ATM_s3.csp:7:7-14:\n    tock is not in scope\n    Did you mean:\n        tick (defined at GenFiles\/ATM\/FDR\/ATM_s3\/ATM_s3.csp:1:1-187)\nGenFiles\/ATM\/FDR\/ATM_s3\/ATM_s3.csp:26:38-42:\n    tock is not in scope\n    Did you mean:\n        tick (defined at GenFiles\/ATM\/FDR\/ATM_s3\/ATM_s3.csp:1:1-187)"]}