{ "copyright_notice": "FDR Version 4.2.4 copyright 2016 Oxford University Innovation Ltd. All Rights Reserved.","license_type": "Academic license for non-commercial use only","results": [{ "assertion_string": "pA_A ; itick -> STOP [] tp01\n    [T= prioritise(pA_At, <{}, {mark}, {itick, tick}, {tock}>)","errors": [],"is_negated": 0,"result": 1,"visited_states": 4,"visited_transitions": 5,"visited_plys": 4,"counterexamples": []}],"print_statement_results": [],"file_name": "GenFiles\/pA_A\/FDR\/pA_A_s1\/pA_A_s1.csp","event_map": {},"warnings": [],"errors": []}