{ "copyright_notice": "FDR Version 4.2.4 copyright 2016 Oxford University Innovation Ltd. All Rights Reserved.","license_type": "Academic license for non-commercial use only","results": [{ "assertion_string": "p4_4 ; itick -> STOP [] tp01\n    [T= prioritise(p4_4t, <{}, {mark}, {itick, tick}, {tock}>)","errors": [],"is_negated": 0,"result": 1,"visited_states": 30,"visited_transitions": 33,"visited_plys": 5,"counterexamples": []}],"print_statement_results": [],"file_name": "GenFiles\/p4_4\/FDR\/p4_4_s3\/p4_4_s3.csp","event_map": {},"warnings": [],"errors": []}