{ "copyright_notice": "FDR Version 4.2.4 copyright 2016 Oxford University Innovation Ltd. All Rights Reserved.","license_type": "Academic license for non-commercial use only","results": [{ "assertion_string": "p2_D ; itick -> STOP [] tp01\n    [T= prioritise(p2_Dt, <{}, {mark}, {itick, tick}, {tock}>)","errors": [],"is_negated": 0,"result": 1,"visited_states": 8,"visited_transitions": 8,"visited_plys": 7,"counterexamples": []}],"print_statement_results": [],"file_name": "GenFiles\/p2_D\/FDR\/p2_D_s2\/p2_D_s2.csp","event_map": {},"warnings": [],"errors": []}