{ "copyright_notice": "FDR Version 4.2.4 copyright 2016 Oxford University Innovation Ltd. All Rights Reserved.","license_type": "Academic license for non-commercial use only","results": [{ "assertion_string": "p3_2 ; itick -> STOP\n    [T= prioritise(p3_2t, <{}, {mark}, {itick, tick}, {tock}>)","errors": [],"is_negated": 0,"result": 1,"visited_states": 4,"visited_transitions": 5,"visited_plys": 4,"counterexamples": []}],"print_statement_results": [],"file_name": "GenFiles\/p3_2\/FDR\/p3_2_s3\/p3_2_s3.csp","event_map": {},"warnings": [],"errors": []}