<?xml version="1.0" encoding="utf-8"?>
<!DOCTYPE nta PUBLIC '-//Uppaal Team//DTD Flat System 1.1//EN' 'http://www.it.uu.se/research/group/darts/uppaal/flat-1_2.dtd'>
<nta>
	<declaration>
  chan tick, iitick, itau, startID0_0, startID00_1, startID00_2, startID00_3, startID00_4, startID00_5, startID01_2, startID01_3, startID01_4, startID01_5, startID01_6, startID, startIDThermostat, startExcp0, startExcp1, startExcp2, startExcp3, startExcp4, startExcp5, startExcp6, startExcp7, startExcp8, startExcp9, startExcp10, startExcp11, startExcp12, startExcp13, startExcp14, startExcp15, finishID0, finishID1, finishID2, finishID3, finishID4, finishID5, finishID6, finishID7, finishID8, finishID9, finishID10, finishID11, finishID12, finishID13, finishID14, finishID15, tooHot_intrpt, tock_intrpt, turnOff_intrpt, tooCold_intrpt, tooHot, turnOff, tooCold;
broadcast  chan tock, tooHot_exch, tock_exch, turnOff_exch, tooCold_exch, itau_exch;
  clock ck;
  bool ep_0_0 = 0, ep_00_1 = 0, ep_00_2 = 0, ep_00_3 = 0, ep_00_4 = 0, ep_00_5 = 0, ep_01_2 = 0, ep_01_3 = 0, ep_01_4 = 0, ep_01_5 = 0, ep_01_6 = 0, ep_FID0 = 0, ep_tooHot_sync = 0, ep_tock_sync = 0, ep_turnOff_sync = 0, ep_tooCold_sync = 0, tooHot_intrpt_guard = 0, tock_intrpt_guard = 0, turnOff_intrpt_guard = 0, tooCold_intrpt_guard = 0;
  int d0_0 = 0, d00_1 = 0, d00_2 = 0, d00_3 = 0, d00_4 = 0, d00_5 = 0, d01_2 = 0, d01_3 = 0, d01_4 = 0, d01_5 = 0, d01_6 = 0, ready_c = 0, gIntrpt = 0, guard_c = 1, start = 0, dp = 0, tdeadline = 0, tooHot_exch_ready, tock_exch_ready, turnOff_exch_ready, tooCold_exch_ready, itau_exch_ready;
 int __reach__  = 0, __single__  = 0;     
// Needed for Uppaal to work correctly in the verification of reachability
</declaration>
	<template>
		<name> Env</name>
		<parameter> </parameter>
		<declaration>

</declaration>
		<location id="id0" x="40" y="80">
			<name x="323" y="-59"> taEnv</name>
		</location>
		<init ref="id0"/>
		<transition>
			<source ref="id0"/>
			<target ref="id0"/>
			<label kind="synchronisation" x="-170" y="212">tooHot?</label>
			<nail x="10" y="50"/>
			<nail x="-187" y="195"/>
		</transition>
		<transition>
			<source ref="id0"/>
			<target ref="id0"/>
			<label kind="synchronisation" x="-187" y="255">turnOff?</label>
			<nail x="10" y="50"/>
			<nail x="136" y="246"/>
		</transition>
		<transition>
			<source ref="id0"/>
			<target ref="id0"/>
			<label kind="synchronisation" x="365" y="153">tooCold?</label>
			<nail x="10" y="50"/>
			<nail x="-76" y="-119"/>
		</transition>
		<transition>
			<source ref="id0"/>
			<target ref="id0"/>
			<label kind="guard" x="-187" y="-25">start==0</label>
			<label kind="synchronisation" x="365" y="34">startID0_0!</label>
			<label kind="assignment" x="-110" y="153">start=1</label>
			<nail x="10" y="50"/>
			<nail x="-102" y="289"/>
		</transition>
		<transition>
			<source ref="id0"/>
			<target ref="id0"/>
			<label kind="guard" x="-8" y="272">start==0</label>
			<label kind="synchronisation" x="119" y="8">startIDThermostat!</label>
			<label kind="assignment" x="-136" y="93">start=1</label>
			<nail x="10" y="50"/>
			<nail x="-221" y="25"/>
		</transition>
		<transition>
			<source ref="id0"/>
			<target ref="id0"/>
			<label kind="synchronisation" x="584" y="239">finishID0?</label>
			<label kind="assignment" x="405" y="128">dp+=1, ep_FID0=true</label>
			<nail x="246" y="102"/>
			<nail x="297" y="68"/>
		</transition>
		<transition>
			<source ref="id0"/>
			<target ref="id0"/>
			<label kind="synchronisation" x="246" y="255">tick?</label>
			<nail x="10" y="50"/>
			<nail x="246" y="170"/>
		</transition>
		<transition>
			<source ref="id0"/>
			<target ref="id0"/>
			<label kind="synchronisation" x="-10" y="596">iitick?</label>
			<nail x="110" y="306"/>
			<nail x="170" y="306"/>
		</transition>
		<transition>
			<source ref="id0"/>
			<target ref="id0"/>
			<label kind="synchronisation" x="93" y="-51">itau?</label>
			<nail x="10" y="50"/>
			<nail x="59" y="-85"/>
		</transition>
		<transition>
			<source ref="id0"/>
			<target ref="id0"/>
			<label kind="guard" x="-25" y="-59">ck&lt;=1</label>
			<label kind="synchronisation" x="-93" y="-17">tock!</label>
			<label kind="assignment" x="-153" y="51">ck=0</label>
			<nail x="10" y="50"/>
			<nail x="263" y="-102"/>
		</transition>
	</template>
	<template>
		<name> taExtCho0_0</name>
		<parameter> </parameter>
		<declaration>

</declaration>
		<location id="id1" x="40" y="80">
			<name x="30" y="50"> s1</name>
		</location>
		<location id="id2" x="190" y="80">
			<name x="180" y="50"> s2</name>
			<committed/>
		</location>
		<location id="id3" x="190" y="230">
			<name x="180" y="200"> s3</name>
			<committed/>
		</location>
		<init ref="id1"/>
		<transition>
			<source ref="id1"/>
			<target ref="id2"/>
			<label kind="synchronisation" x="55" y="65">startIDThermostat?</label>
		</transition>
		<transition>
			<source ref="id2"/>
			<target ref="id3"/>
			<label kind="synchronisation" x="130" y="140">startID00_1!</label>
		</transition>
		<transition>
			<source ref="id3"/>
			<target ref="id1"/>
			<label kind="synchronisation" x="55" y="140">startID01_2!</label>
		</transition>
	</template>
	<template>
		<name> taPrefix00_1</name>
		<parameter> </parameter>
		<declaration>

</declaration>
		<location id="id4" x="40" y="80">
			<name x="30" y="50"> s1</name>
		</location>
		<location id="id5" x="190" y="80">
			<name x="180" y="50"> s2</name>
		</location>
		<location id="id6" x="190" y="230">
			<name x="180" y="200"> s3</name>
			<committed/>
		</location>
		<location id="id7" x="40" y="230">
			<name x="30" y="200"> s5</name>
			<committed/>
		</location>
		<init ref="id4"/>
		<transition>
			<source ref="id4"/>
			<target ref="id5"/>
			<label kind="synchronisation" x="55" y="65">startID00_1?</label>
		</transition>
		<transition>
			<source ref="id5"/>
			<target ref="id6"/>
			<label kind="synchronisation" x="130" y="140">tooHot_exch!</label>
			<label kind="assignment" x="130" y="155">tooCold_exch_ready+=1</label>
		</transition>
		<transition>
			<source ref="id6"/>
			<target ref="id7"/>
			<label kind="synchronisation" x="55" y="215">tooHot!</label>
			<label kind="assignment" x="55" y="230">dp+=1, ep_00_1=true</label>
		</transition>
		<transition>
			<source ref="id7"/>
			<target ref="id4"/>
			<label kind="synchronisation" x="-20" y="140">startID00_2!</label>
		</transition>
		<transition>
			<source ref="id5"/>
			<target ref="id6"/>
			<label kind="guard" x="130" y="125">tooCold_exch_ready</label>
		</transition>
		<transition>
			<source ref="id5"/>
			<target ref="id5"/>
			<label kind="synchronisation" x="130" y="65">tock?</label>
			<nail x="160" y="50"/>
			<nail x="220" y="50"/>
		</transition>
		<transition>
			<source ref="id5"/>
			<target ref="id4"/>
			<label kind="synchronisation" x="55" y="65">tooCold_exch?</label>
		</transition>
	</template>
	<template>
		<name> taPrefix00_2</name>
		<parameter> </parameter>
		<declaration>

</declaration>
		<location id="id8" x="40" y="80">
			<name x="30" y="50"> s1</name>
		</location>
		<location id="id9" x="190" y="80">
			<name x="180" y="50"> s2</name>
		</location>
		<location id="id10" x="190" y="230">
			<name x="180" y="200"> s5</name>
			<committed/>
		</location>
		<init ref="id8"/>
		<transition>
			<source ref="id8"/>
			<target ref="id9"/>
			<label kind="synchronisation" x="55" y="65">startID00_2?</label>
		</transition>
		<transition>
			<source ref="id9"/>
			<target ref="id10"/>
			<label kind="synchronisation" x="130" y="140">tock!</label>
			<label kind="assignment" x="130" y="155">dp+=1, ep_00_2=true</label>
		</transition>
		<transition>
			<source ref="id10"/>
			<target ref="id8"/>
			<label kind="synchronisation" x="55" y="140">startID00_3!</label>
		</transition>
		<transition>
			<source ref="id10"/>
			<target ref="id10"/>
			<label kind="synchronisation" x="272" y="255">tock?</label>
			<nail x="280" y="229"/>
			<nail x="246" y="280"/>
		</transition>
	</template>
	<template>
		<name> taPrefix00_3</name>
		<parameter> </parameter>
		<declaration>

</declaration>
		<location id="id11" x="40" y="80">
			<name x="30" y="50"> s1</name>
		</location>
		<location id="id12" x="190" y="80">
			<name x="180" y="50"> s2</name>
		</location>
		<location id="id13" x="190" y="230">
			<name x="180" y="200"> s5</name>
			<committed/>
		</location>
		<init ref="id11"/>
		<transition>
			<source ref="id11"/>
			<target ref="id12"/>
			<label kind="synchronisation" x="55" y="65">startID00_3?</label>
		</transition>
		<transition>
			<source ref="id12"/>
			<target ref="id13"/>
			<label kind="synchronisation" x="130" y="140">tock!</label>
			<label kind="assignment" x="130" y="155">dp+=1, ep_00_3=true</label>
		</transition>
		<transition>
			<source ref="id13"/>
			<target ref="id11"/>
			<label kind="synchronisation" x="55" y="140">startID00_4!</label>
		</transition>
		<transition>
			<source ref="id13"/>
			<target ref="id13"/>
			<label kind="synchronisation" x="221" y="263">tock?</label>
			<nail x="228" y="254"/>
			<nail x="288" y="254"/>
		</transition>
	</template>
	<template>
		<name> taPrefix00_4</name>
		<parameter> </parameter>
		<declaration>

</declaration>
		<location id="id14" x="40" y="80">
			<name x="30" y="50"> s1</name>
		</location>
		<location id="id15" x="190" y="80">
			<name x="180" y="50"> s2</name>
		</location>
		<location id="id16" x="190" y="230">
			<name x="180" y="200"> s5</name>
			<committed/>
		</location>
		<init ref="id14"/>
		<transition>
			<source ref="id14"/>
			<target ref="id15"/>
			<label kind="synchronisation" x="55" y="65">startID00_4?</label>
		</transition>
		<transition>
			<source ref="id15"/>
			<target ref="id16"/>
			<label kind="synchronisation" x="130" y="140">turnOff!</label>
			<label kind="assignment" x="130" y="155">dp+=1, ep_00_4=true</label>
		</transition>
		<transition>
			<source ref="id16"/>
			<target ref="id14"/>
			<label kind="synchronisation" x="55" y="140">startID00_5!</label>
		</transition>
		<transition>
			<source ref="id15"/>
			<target ref="id15"/>
			<label kind="synchronisation" x="130" y="65">tock?</label>
			<nail x="160" y="50"/>
			<nail x="220" y="50"/>
		</transition>
	</template>
	<template>
		<name> taNamedP00_5</name>
		<parameter> </parameter>
		<declaration>

</declaration>
		<location id="id17" x="40" y="80">
			<name x="30" y="50"> s1</name>
		</location>
		<location id="id18" x="190" y="80">
			<name x="180" y="50"> s2</name>
		</location>
		<init ref="id17"/>
		<transition>
			<source ref="id17"/>
			<target ref="id18"/>
			<label kind="synchronisation" x="55" y="65">startID00_5?</label>
		</transition>
		<transition>
			<source ref="id18"/>
			<target ref="id17"/>
			<label kind="synchronisation" x="55" y="65">startIDThermostat!</label>
		</transition>
	</template>
	<template>
		<name> taPrefix01_2</name>
		<parameter> </parameter>
		<declaration>

</declaration>
		<location id="id19" x="40" y="80">
			<name x="30" y="50"> s1</name>
		</location>
		<location id="id20" x="190" y="80">
			<name x="180" y="50"> s2</name>
		</location>
		<location id="id21" x="190" y="230">
			<name x="180" y="200"> s3</name>
			<committed/>
		</location>
		<location id="id22" x="40" y="230">
			<name x="30" y="200"> s5</name>
			<committed/>
		</location>
		<init ref="id19"/>
		<transition>
			<source ref="id19"/>
			<target ref="id20"/>
			<label kind="synchronisation" x="55" y="65">startID01_2?</label>
		</transition>
		<transition>
			<source ref="id20"/>
			<target ref="id21"/>
			<label kind="synchronisation" x="130" y="140">tooCold_exch!</label>
			<label kind="assignment" x="130" y="155">tooHot_exch_ready+=1</label>
		</transition>
		<transition>
			<source ref="id21"/>
			<target ref="id22"/>
			<label kind="synchronisation" x="55" y="215">tooCold!</label>
			<label kind="assignment" x="55" y="230">dp+=1, ep_01_2=true</label>
		</transition>
		<transition>
			<source ref="id22"/>
			<target ref="id19"/>
			<label kind="synchronisation" x="-20" y="140">startID01_3!</label>
		</transition>
		<transition>
			<source ref="id20"/>
			<target ref="id21"/>
			<label kind="guard" x="130" y="125">tooHot_exch_ready</label>
		</transition>
		<transition>
			<source ref="id20"/>
			<target ref="id20"/>
			<label kind="synchronisation" x="130" y="65">tock?</label>
			<nail x="160" y="50"/>
			<nail x="220" y="50"/>
		</transition>
		<transition>
			<source ref="id20"/>
			<target ref="id19"/>
			<label kind="synchronisation" x="55" y="65">tooHot_exch?</label>
		</transition>
	</template>
	<template>
		<name> taPrefix01_3</name>
		<parameter> </parameter>
		<declaration>

</declaration>
		<location id="id23" x="-34" y="102">
			<name x="-44" y="72"> s1</name>
		</location>
		<location id="id24" x="190" y="80">
			<name x="180" y="50"> s2</name>
		</location>
		<location id="id25" x="190" y="230">
			<name x="180" y="200"> s5</name>
			<committed/>
		</location>
		<init ref="id23"/>
		<transition>
			<source ref="id23"/>
			<target ref="id24"/>
			<label kind="synchronisation" x="42" y="68">startID01_3?</label>
		</transition>
		<transition>
			<source ref="id24"/>
			<target ref="id25"/>
			<label kind="synchronisation" x="195" y="127">tock!</label>
			<label kind="assignment" x="212" y="153">dp+=1, ep_01_3=true</label>
		</transition>
		<transition>
			<source ref="id25"/>
			<target ref="id23"/>
			<label kind="synchronisation" x="0" y="195">startID01_4!</label>
		</transition>
		<transition>
			<source ref="id25"/>
			<target ref="id25"/>
			<label kind="synchronisation" x="356" y="161">tock?</label>
			<nail x="263" y="238"/>
			<nail x="246" y="297"/>
		</transition>
	</template>
	<template>
		<name> taPrefix01_4</name>
		<parameter> </parameter>
		<declaration>

</declaration>
		<location id="id26" x="40" y="80">
			<name x="30" y="50"> s1</name>
		</location>
		<location id="id27" x="190" y="80">
			<name x="180" y="50"> s2</name>
		</location>
		<location id="id28" x="190" y="230">
			<name x="180" y="200"> s5</name>
			<committed/>
		</location>
		<init ref="id26"/>
		<transition>
			<source ref="id26"/>
			<target ref="id27"/>
			<label kind="synchronisation" x="55" y="65">startID01_4?</label>
		</transition>
		<transition>
			<source ref="id27"/>
			<target ref="id28"/>
			<label kind="synchronisation" x="204" y="136">tock!</label>
			<label kind="assignment" x="255" y="119">dp+=1, ep_01_4=true</label>
		</transition>
		<transition>
			<source ref="id28"/>
			<target ref="id26"/>
			<label kind="synchronisation" x="55" y="140">startID01_5!</label>
		</transition>
		<transition>
			<source ref="id28"/>
			<target ref="id28"/>
			<label kind="synchronisation" x="239" y="222">tock?</label>
			<nail x="229" y="280"/>
			<nail x="289" y="280"/>
		</transition>
	</template>
	<template>
		<name> taPrefix01_5</name>
		<parameter> </parameter>
		<declaration>

</declaration>
		<location id="id29" x="40" y="80">
			<name x="30" y="50"> s1</name>
		</location>
		<location id="id30" x="190" y="80">
			<name x="180" y="50"> s2</name>
		</location>
		<location id="id31" x="190" y="230">
			<name x="180" y="200"> s5</name>
			<committed/>
		</location>
		<init ref="id29"/>
		<transition>
			<source ref="id29"/>
			<target ref="id30"/>
			<label kind="synchronisation" x="55" y="65">startID01_5?</label>
		</transition>
		<transition>
			<source ref="id30"/>
			<target ref="id31"/>
			<label kind="synchronisation" x="130" y="140">turnOff!</label>
			<label kind="assignment" x="130" y="155">dp+=1, ep_01_5=true</label>
		</transition>
		<transition>
			<source ref="id31"/>
			<target ref="id29"/>
			<label kind="synchronisation" x="55" y="140">startID01_6!</label>
		</transition>
		<transition>
			<source ref="id30"/>
			<target ref="id30"/>
			<label kind="synchronisation" x="130" y="65">tock?</label>
			<nail x="160" y="50"/>
			<nail x="220" y="50"/>
		</transition>
	</template>
	<template>
		<name> taNamedP01_6</name>
		<parameter> </parameter>
		<declaration>

</declaration>
		<location id="id32" x="40" y="80">
			<name x="30" y="50"> s1</name>
		</location>
		<location id="id33" x="190" y="80">
			<name x="180" y="50"> s2</name>
		</location>
		<init ref="id32"/>
		<transition>
			<source ref="id32"/>
			<target ref="id33"/>
			<label kind="synchronisation" x="55" y="65">startID01_6?</label>
		</transition>
		<transition>
			<source ref="id33"/>
			<target ref="id32"/>
			<label kind="synchronisation" x="55" y="65">startIDThermostat!</label>
		</transition>
	</template>
	<template>
		<name> SyncTA</name>
		<parameter> </parameter>
		<declaration>

</declaration>
		<location id="id34" x="40" y="80">
			<name x="30" y="50"> SyncPoint</name>
		</location>
		<init ref="id34"/>
	</template>
	<system>
pEnv = Env();
ptaExtCho0_0 = taExtCho0_0();
ptaPrefix00_1 = taPrefix00_1();
ptaPrefix00_2 = taPrefix00_2();
ptaPrefix00_3 = taPrefix00_3();
ptaPrefix00_4 = taPrefix00_4();
ptaNamedP00_5 = taNamedP00_5();
ptaPrefix01_2 = taPrefix01_2();
ptaPrefix01_3 = taPrefix01_3();
ptaPrefix01_4 = taPrefix01_4();
ptaPrefix01_5 = taPrefix01_5();
ptaNamedP01_6 = taNamedP01_6();
pSyncTA = SyncTA();


system pEnv, ptaExtCho0_0, ptaPrefix00_1, ptaPrefix00_2, ptaPrefix00_3, ptaPrefix00_4, ptaNamedP00_5, ptaPrefix01_2, ptaPrefix01_3, ptaPrefix01_4, ptaPrefix01_5, ptaNamedP01_6, pSyncTA;
</system>
	<queries>
		<query>
			<formula>A[] deadlock
			</formula>
			<comment>
			</comment>
		</query>
		<query>
			<formula>A[] not deadlock
			</formula>
			<comment>Checking Deadlock
			</comment>
		</query>
	</queries>
</nta>
