{ "copyright_notice": "FDR Version 4.2.4 copyright 2016 Oxford University Innovation Ltd. All Rights Reserved.","license_type": "Academic license for non-commercial use only","results": [{ "assertion_string": "p5_G ; itick -> STOP\n    [T= prioritise(p5_Gt, <{}, {mark}, {itick, tick}, {tock}>)","errors": [],"is_negated": 0,"result": 1,"visited_states": 2,"visited_transitions": 2,"visited_plys": 2,"counterexamples": []}],"print_statement_results": [],"file_name": "GenFiles\/p5_G\/FDR\/p5_G_s1\/p5_G_s1.csp","event_map": {},"warnings": [],"errors": []}