{ "copyright_notice": "FDR Version 4.2.4 copyright 2016 Oxford University Innovation Ltd. All Rights Reserved.","license_type": "Academic license for non-commercial use only","results": [{ "assertion_string": "p3_E ; itick -> STOP [] tp01\n    [T= prioritise(p3_Et, <{}, {mark}, {itick, tick}, {tock}>)","errors": [],"is_negated": 0,"result": 1,"visited_states": 10,"visited_transitions": 10,"visited_plys": 4,"counterexamples": []}],"print_statement_results": [],"file_name": "GenFiles\/p3_E\/FDR\/p3_E_s1\/p3_E_s1.csp","event_map": {},"warnings": [],"errors": []}