<?xml version="1.0" encoding="utf-8"?> 
<!DOCTYPE nta PUBLIC '-//Uppaal Team//DTD Flat System 1.1//EN' 'http://www.it.uu.se/research/group/darts/uppaal/flat-1_2.dtd'>

<nta>
<declaration>
  chan tick, iitick, itau, startID0_0, startID00_1, startID01_2, startID010_3, startID011_4, startID, startIDSystem, startIDcontroller, startIDGate, startIDTrain, startExcp0, startExcp1, startExcp2, startExcp3, startExcp4, startExcp5, startExcp6, startExcp7, startExcp8, startExcp9, startExcp10, startExcp11, startExcp12, startExcp13, startExcp14, startExcp15, finishID0, finishID1, finishID2, finishID3, finishID4, finishID5, finishID6, finishID7, finishID8, finishID9, finishID10, finishID11, finishID12, finishID13, finishID14, finishID15;
broadcast  chan tock, itau_exch;
  clock ck;
  bool ep_0_0 = 0, ep_00_1 = 0, ep_01_2 = 0, ep_010_3 = 0, ep_011_4 = 0, ep_FID0 = 0;
  int d0_0 = 0, d00_1 = 0, d01_2 = 0, d010_3 = 0, d011_4 = 0, ready_c = 0, gIntrpt = 0, guard_c = 1, start = 0, dp = 0, tdeadline = 0, itau_exch_ready;
 int __reach__  = 0, __single__  = 0;     
// Needed for Uppaal to work correctly in the verification of reachability
</declaration>
// template for Env begins 

 <template>
 <name> Env</name> 

 <parameter> </parameter>

 <declaration>

</declaration>

<location id="taEnv" >   
<name> taEnv</name>


</location> 

<init ref="taEnv"/>

<transition>
<source ref="taEnv"/>
<target ref="taEnv"/>
<label kind="synchronisation"> startID0_0!</label>
<label kind="guard"> start==0 </label>
<label kind="assignment">start=1 </label>
</transition> 


<transition>
<source ref="taEnv"/>
<target ref="taEnv"/>
<label kind="synchronisation"> startIDSystem!</label>
<label kind="guard"> start==0 </label>
<label kind="assignment">start=1 </label>
</transition> 


<transition>
<source ref="taEnv"/>
<target ref="taEnv"/>
<label kind="synchronisation"> finishID0?</label>
<label kind="assignment">dp+=1, ep_FID0=true </label>
</transition> 


<transition>
<source ref="taEnv"/>
<target ref="taEnv"/>
<label kind="synchronisation"> tick?</label>
</transition> 


<transition>
<source ref="taEnv"/>
<target ref="taEnv"/>
<label kind="synchronisation"> iitick?</label>
</transition> 


<transition>
<source ref="taEnv"/>
<target ref="taEnv"/>
<label kind="synchronisation"> itau?</label>
</transition> 


<transition>
<source ref="taEnv"/>
<target ref="taEnv"/>
<label kind="synchronisation"> tock!</label>
<label kind="guard"> ck&lt;=1 </label>
<label kind="assignment">ck=0 </label>
</transition> 
 </template> 
// template for Env ends

// template for taGenPar0_0 begins 

 <template>
 <name> taGenPar0_0</name> 

 <parameter> </parameter>

 <declaration>

</declaration>

<location id="id1" >   
<name> s1</name>


</location> 

<location id="id2" >   
<name> s2</name>

<committed/>
</location> 

<location id="id3" >   
<name> s3</name>

<committed/>
</location> 

<location id="id4" >   
<name> s4</name>

<committed/>
</location> 

<location id="id5" >   
<name> s5</name>


</location> 

<location id="id6" >   
<name> s6</name>


</location> 

<location id="id7" >   
<name> s7</name>


</location> 

<location id="id8" >   
<name> s8</name>

<committed/>
</location> 

<init ref="id1"/>

<transition>
<source ref="id1"/>
<target ref="id2"/>
<label kind="synchronisation"> startIDSystem?</label>
</transition> 


<transition>
<source ref="id2"/>
<target ref="id3"/>
<label kind="synchronisation"> startID01_2!</label>
</transition> 


<transition>
<source ref="id3"/>
<target ref="id5"/>
<label kind="synchronisation"> startID00_1!</label>
</transition> 


<transition>
<source ref="id2"/>
<target ref="id4"/>
<label kind="synchronisation"> startID00_1!</label>
</transition> 


<transition>
<source ref="id4"/>
<target ref="id5"/>
<label kind="synchronisation"> startID01_2!</label>
</transition> 


<transition>
<source ref="id5"/>
<target ref="id6"/>
<label kind="synchronisation"> finishID1?</label>
</transition> 


<transition>
<source ref="id5"/>
<target ref="id7"/>
<label kind="synchronisation"> finishID2?</label>
</transition> 


<transition>
<source ref="id6"/>
<target ref="id8"/>
<label kind="synchronisation"> finishID2?</label>
</transition> 


<transition>
<source ref="id7"/>
<target ref="id8"/>
<label kind="synchronisation"> finishID1?</label>
</transition> 


<transition>
<source ref="id8"/>
<target ref="id1"/>
<label kind="synchronisation"> finishID0!</label>
</transition> 
 </template> 
// template for taGenPar0_0 ends

// template for taNamedP00_1 begins 

 <template>
 <name> taNamedP00_1</name> 

 <parameter> </parameter>

 <declaration>

</declaration>

<location id="id1" >   
<name> s1</name>


</location> 

<location id="id2" >   
<name> s2</name>


</location> 

<init ref="id1"/>

<transition>
<source ref="id1"/>
<target ref="id2"/>
<label kind="synchronisation"> startID00_1?</label>
</transition> 


<transition>
<source ref="id2"/>
<target ref="id1"/>
<label kind="synchronisation"> startIDcontroller!</label>
</transition> 
 </template> 
// template for taNamedP00_1 ends

// template for taGenPar01_2 begins 

 <template>
 <name> taGenPar01_2</name> 

 <parameter> </parameter>

 <declaration>

</declaration>

<location id="id1" >   
<name> s1</name>


</location> 

<location id="id2" >   
<name> s2</name>

<committed/>
</location> 

<location id="id3" >   
<name> s3</name>

<committed/>
</location> 

<location id="id4" >   
<name> s4</name>

<committed/>
</location> 

<location id="id5" >   
<name> s5</name>


</location> 

<location id="id6" >   
<name> s6</name>


</location> 

<location id="id7" >   
<name> s7</name>


</location> 

<location id="id8" >   
<name> s8</name>

<committed/>
</location> 

<init ref="id1"/>

<transition>
<source ref="id1"/>
<target ref="id2"/>
<label kind="synchronisation"> startID01_2?</label>
</transition> 


<transition>
<source ref="id2"/>
<target ref="id3"/>
<label kind="synchronisation"> startID011_4!</label>
</transition> 


<transition>
<source ref="id3"/>
<target ref="id5"/>
<label kind="synchronisation"> startID010_3!</label>
</transition> 


<transition>
<source ref="id2"/>
<target ref="id4"/>
<label kind="synchronisation"> startID010_3!</label>
</transition> 


<transition>
<source ref="id4"/>
<target ref="id5"/>
<label kind="synchronisation"> startID011_4!</label>
</transition> 


<transition>
<source ref="id5"/>
<target ref="id6"/>
<label kind="synchronisation"> finishID3?</label>
</transition> 


<transition>
<source ref="id5"/>
<target ref="id7"/>
<label kind="synchronisation"> finishID4?</label>
</transition> 


<transition>
<source ref="id6"/>
<target ref="id8"/>
<label kind="synchronisation"> finishID4?</label>
</transition> 


<transition>
<source ref="id7"/>
<target ref="id8"/>
<label kind="synchronisation"> finishID3?</label>
</transition> 


<transition>
<source ref="id8"/>
<target ref="id1"/>
<label kind="synchronisation"> finishID2!</label>
</transition> 
 </template> 
// template for taGenPar01_2 ends

// template for taNamedP010_3 begins 

 <template>
 <name> taNamedP010_3</name> 

 <parameter> </parameter>

 <declaration>

</declaration>

<location id="id1" >   
<name> s1</name>


</location> 

<location id="id2" >   
<name> s2</name>


</location> 

<init ref="id1"/>

<transition>
<source ref="id1"/>
<target ref="id2"/>
<label kind="synchronisation"> startID010_3?</label>
</transition> 


<transition>
<source ref="id2"/>
<target ref="id1"/>
<label kind="synchronisation"> startIDGate!</label>
</transition> 
 </template> 
// template for taNamedP010_3 ends

// template for taNamedP011_4 begins 

 <template>
 <name> taNamedP011_4</name> 

 <parameter> </parameter>

 <declaration>

</declaration>

<location id="id1" >   
<name> s1</name>


</location> 

<location id="id2" >   
<name> s2</name>


</location> 

<init ref="id1"/>

<transition>
<source ref="id1"/>
<target ref="id2"/>
<label kind="synchronisation"> startID011_4?</label>
</transition> 


<transition>
<source ref="id2"/>
<target ref="id1"/>
<label kind="synchronisation"> startIDTrain!</label>
</transition> 
 </template> 
// template for taNamedP011_4 ends

// template for SyncTA begins 

 <template>
 <name> SyncTA</name> 

 <parameter> </parameter>

 <declaration>

</declaration>

<location id="SyncPoint" >   
<name> SyncPoint</name>


</location> 

<init ref="SyncPoint"/>
 </template> 
// template for SyncTA ends


<system>
pEnv = Env();
ptaGenPar0_0 = taGenPar0_0();
ptaNamedP00_1 = taNamedP00_1();
ptaGenPar01_2 = taGenPar01_2();
ptaNamedP010_3 = taNamedP010_3();
ptaNamedP011_4 = taNamedP011_4();
pSyncTA = SyncTA();


system pEnv, ptaGenPar0_0, ptaNamedP00_1, ptaGenPar01_2, ptaNamedP010_3, ptaNamedP011_4, pSyncTA;
</system>

<queries>
<query><formula>A[] not deadlock 
</formula>
<comment>  Checking Deadlock 
</comment> 
</query> 
</queries>
</nta>