{ "copyright_notice": "FDR Version 4.2.4 copyright 2016 Oxford University Innovation Ltd. All Rights Reserved.","license_type": "Academic license for non-commercial use only","results": [{ "assertion_string": "p6_C ; itick -> STOP\n    [T= prioritise(p6_Ct, <{}, {mark}, {itick, tick}, {tock}>)","errors": ["An operator that cannot be recursed through was recursed through. In particular, the process:\n    normal(p6_C ; itick -> STOP)\ncontains a recursion through the process:\n    p6_C::i93 ; p6_C::i94\nHowever, the operator  ; does not allow recursion.\nOperator Stack:\n    normal(p6_C ; itick -> STOP):\n        p6_C ; itick -> STOP\n    p6_C:\n        p6_C::i93 ; p6_C::i94\n"]}],"print_statement_results": [],"file_name": "GenFiles\/p6_C\/FDR\/p6_C_s1\/p6_C_s1.csp","event_map": {},"warnings": [],"errors": []}