{ "copyright_notice": "FDR Version 4.2.4 copyright 2016 Oxford University Innovation Ltd. All Rights Reserved.","license_type": "Academic license for non-commercial use only","results": [{ "assertion_string": "p8_C ; itick -> STOP\n    [T= prioritise(p8_Ct, <{}, {mark}, {itick, tick}, {tock}>)","errors": ["An operator that cannot be recursed through was recursed through. In particular, the process:\n    normal(p8_C ; itick -> STOP)\ncontains a recursion through the process:\n    p8_C::i93 \/+ {tock} +\\ p8_C::i94\nHowever, the operator  \/+…+\\ does not allow recursion.\nOperator Stack:\n    normal(p8_C ; itick -> STOP):\n        p8_C ; itick -> STOP\n    p8_C:\n        p8_C::i93 \/+ {tock} +\\ p8_C::i94\n"]}],"print_statement_results": [],"file_name": "GenFiles\/p8_C\/FDR\/p8_C_s1\/p8_C_s1.csp","event_map": {},"warnings": [],"errors": []}