{ "copyright_notice": "FDR Version 4.2.4 copyright 2016 Oxford University Innovation Ltd. All Rights Reserved.","license_type": "Academic license for non-commercial use only","results": [{ "assertion_string": "p2_H ; itick -> STOP\n    [T= prioritise(p2_Ht, <{}, {mark}, {itick, tick}, {tock}>)","errors": [],"is_negated": 0,"result": 1,"visited_states": 9,"visited_transitions": 9,"visited_plys": 5,"counterexamples": []}],"print_statement_results": [],"file_name": "GenFiles\/p2_H\/FDR\/p2_H_s3\/p2_H_s3.csp","event_map": {},"warnings": [],"errors": []}