{ "copyright_notice": "FDR Version 4.2.4 copyright 2016 Oxford University Innovation Ltd. All Rights Reserved.","license_type": "Academic license for non-commercial use only","results": [{ "assertion_string": "pA_G ; itick -> STOP [] tp01\n    [T= prioritise(pA_Gt, <{}, {mark}, {itick, tick}, {tock}>)","errors": [],"is_negated": 0,"result": 1,"visited_states": 5,"visited_transitions": 5,"visited_plys": 5,"counterexamples": []}],"print_statement_results": [],"file_name": "GenFiles\/pA_G\/FDR\/pA_G_s1\/pA_G_s1.csp","event_map": {},"warnings": [],"errors": []}