{ "copyright_notice": "FDR Version 4.2.4 copyright 2016 Oxford University Innovation Ltd. All Rights Reserved.","license_type": "Academic license for non-commercial use only","results": [{ "assertion_string": "p2_D ; itick -> STOP\n    [T= prioritise(p2_Dt, <{}, {mark}, {itick, tick}, {tock}>)","errors": [],"is_negated": 0,"result": 1,"visited_states": 7,"visited_transitions": 7,"visited_plys": 6,"counterexamples": []}],"print_statement_results": [],"file_name": "GenFiles\/p2_D\/FDR\/p2_D_s3\/p2_D_s3.csp","event_map": {},"warnings": [],"errors": []}