{ "copyright_notice": "FDR Version 4.2.4 copyright 2016 Oxford University Innovation Ltd. All Rights Reserved.","license_type": "Academic license for non-commercial use only","results": [{ "assertion_string": "pA_3 ; itick -> STOP [] tp01\n    [T= prioritise(pA_3t, <{}, {mark}, {itick, tick}, {tock}>)","errors": [],"is_negated": 0,"result": 1,"visited_states": 4,"visited_transitions": 4,"visited_plys": 4,"counterexamples": []}],"print_statement_results": [],"file_name": "GenFiles\/pA_3\/FDR\/pA_3_s1\/pA_3_s1.csp","event_map": {},"warnings": [],"errors": []}