<?xml version="1.0" encoding="UTF-8"?>
<trace initial_node="State1" trace_options="symbolic"><system><clock name="t(0)" id="sys.t(0)"/><clock name="ck" id="sys.ck"/><variable name="ep_0_0" id="sys.ep_0_0"/><variable name="ep_0_1" id="sys.ep_0_1"/><variable name="ep_0_2" id="sys.ep_0_2"/><variable name="ep_00_3" id="sys.ep_00_3"/><variable name="ep_00_4" id="sys.ep_00_4"/><variable name="ep_01_4" id="sys.ep_01_4"/><variable name="ep_01_5" id="sys.ep_01_5"/><variable name="ep_01_6" id="sys.ep_01_6"/><variable name="ep_FID0" id="sys.ep_FID0"/><variable name="ep_card_sync" id="sys.ep_card_sync"/><variable name="ep_acceptPIN_sync" id="sys.ep_acceptPIN_sync"/><variable name="ep_correctPIN_sync" id="sys.ep_correctPIN_sync"/><variable name="ep_incorretPIN_sync" id="sys.ep_incorretPIN_sync"/><variable name="ep_returnCard_sync" id="sys.ep_returnCard_sync"/><variable name="card_intrpt_guard" id="sys.card_intrpt_guard"/><variable name="acceptPIN_intrpt_guard" id="sys.acceptPIN_intrpt_guard"/><variable name="correctPIN_intrpt_guard" id="sys.correctPIN_intrpt_guard"/><variable name="incorretPIN_intrpt_guard" id="sys.incorretPIN_intrpt_guard"/><variable name="returnCard_intrpt_guard" id="sys.returnCard_intrpt_guard"/><variable name="d0_0" id="sys.d0_0"/><variable name="d0_1" id="sys.d0_1"/><variable name="d0_2" id="sys.d0_2"/><variable name="d00_3" id="sys.d00_3"/><variable name="d00_4" id="sys.d00_4"/><variable name="d01_4" id="sys.d01_4"/><variable name="d01_5" id="sys.d01_5"/><variable name="d01_6" id="sys.d01_6"/><variable name="ready_c" id="sys.ready_c"/><variable name="gIntrpt" id="sys.gIntrpt"/><variable name="guard_c" id="sys.guard_c"/><variable name="start" id="sys.start"/><variable name="dp" id="sys.dp"/><variable name="tdeadline" id="sys.tdeadline"/><variable name="card_exch_ready" id="sys.card_exch_ready"/><variable name="acceptPIN_exch_ready" id="sys.acceptPIN_exch_ready"/><variable name="correctPIN_exch_ready" id="sys.correctPIN_exch_ready"/><variable name="incorretPIN_exch_ready" id="sys.incorretPIN_exch_ready"/><variable name="returnCard_exch_ready" id="sys.returnCard_exch_ready"/><variable name="itau_exch_ready" id="sys.itau_exch_ready"/><variable name="__reach__" id="sys.__reach__"/><variable name="__single__" id="sys.__single__"/><process id="pEnv" name="pEnv"><location id="pEnv.taEnv" name="taEnv"><![CDATA[]]></location><edge id="pEnv.Edge1" from="pEnv.taEnv" to="pEnv.taEnv"><guard>start == 0</guard><sync>startIDATM!</sync><update>start := 1</update></edge><edge id="pEnv.Edge2" from="pEnv.taEnv" to="pEnv.taEnv"><guard>1</guard><sync>card?</sync><update>1</update></edge><edge id="pEnv.Edge3" from="pEnv.taEnv" to="pEnv.taEnv"><guard>1</guard><sync>acceptPIN?</sync><update>1</update></edge><edge id="pEnv.Edge4" from="pEnv.taEnv" to="pEnv.taEnv"><guard>1</guard><sync>correctPIN?</sync><update>1</update></edge></process><process id="ptaPrefix0_0" name="ptaPrefix0_0"><location id="ptaPrefix0_0.s1" name="s1"><![CDATA[]]></location><location id="ptaPrefix0_0.s2" name="s2"><![CDATA[]]></location><location id="ptaPrefix0_0.s5" name="s5"><![CDATA[]]></location><edge id="ptaPrefix0_0.Edge1" from="ptaPrefix0_0.s1" to="ptaPrefix0_0.s2"><guard>1</guard><sync>startIDATM?</sync><update>1</update></edge><edge id="ptaPrefix0_0.Edge2" from="ptaPrefix0_0.s2" to="ptaPrefix0_0.s5"><guard>1</guard><sync>card!</sync><update>dp += 1, ep_0_0 := true</update></edge><edge id="ptaPrefix0_0.Edge3" from="ptaPrefix0_0.s5" to="ptaPrefix0_0.s1"><guard>1</guard><sync>startID0_1!</sync><update>1</update></edge></process><process id="ptaPrefix0_1" name="ptaPrefix0_1"><location id="ptaPrefix0_1.s1" name="s1"><![CDATA[]]></location><location id="ptaPrefix0_1.s2" name="s2"><![CDATA[]]></location><location id="ptaPrefix0_1.s5" name="s5"><![CDATA[]]></location><edge id="ptaPrefix0_1.Edge1" from="ptaPrefix0_1.s1" to="ptaPrefix0_1.s2"><guard>1</guard><sync>startID0_1?</sync><update>1</update></edge><edge id="ptaPrefix0_1.Edge2" from="ptaPrefix0_1.s2" to="ptaPrefix0_1.s5"><guard>1</guard><sync>acceptPIN!</sync><update>dp += 1, ep_0_1 := true</update></edge><edge id="ptaPrefix0_1.Edge3" from="ptaPrefix0_1.s5" to="ptaPrefix0_1.s1"><guard>1</guard><sync>startID0_2!</sync><update>1</update></edge></process><process id="ptaIntCho0_2" name="ptaIntCho0_2"><location id="ptaIntCho0_2.s1" name="s1"><![CDATA[]]></location><location id="ptaIntCho0_2.s2" name="s2"><![CDATA[]]></location><location id="ptaIntCho0_2.s3" name="s3"><![CDATA[]]></location><edge id="ptaIntCho0_2.Edge1" from="ptaIntCho0_2.s1" to="ptaIntCho0_2.s2"><guard>1</guard><sync>startID0_2?</sync><update>1</update></edge><edge id="ptaIntCho0_2.Edge2" from="ptaIntCho0_2.s2" to="ptaIntCho0_2.s3"><guard>1</guard><sync>tau</sync><update>1</update></edge><edge id="ptaIntCho0_2.Edge3" from="ptaIntCho0_2.s3" to="ptaIntCho0_2.s1"><guard>1</guard><sync>startID00_3!</sync><update>1</update></edge></process><process id="ptaPrefix00_3" name="ptaPrefix00_3"><location id="ptaPrefix00_3.s1" name="s1"><![CDATA[]]></location><location id="ptaPrefix00_3.s2" name="s2"><![CDATA[]]></location><location id="ptaPrefix00_3.s5" name="s5"><![CDATA[]]></location><edge id="ptaPrefix00_3.Edge1" from="ptaPrefix00_3.s1" to="ptaPrefix00_3.s2"><guard>1</guard><sync>startID00_3?</sync><update>1</update></edge><edge id="ptaPrefix00_3.Edge2" from="ptaPrefix00_3.s2" to="ptaPrefix00_3.s5"><guard>1</guard><sync>correctPIN!</sync><update>dp += 1, ep_00_3 := true</update></edge><edge id="ptaPrefix00_3.Edge3" from="ptaPrefix00_3.s5" to="ptaPrefix00_3.s1"><guard>1</guard><sync>startID00_4!</sync><update>1</update></edge></process><process id="ptaNamedP00_4" name="ptaNamedP00_4"><location id="ptaNamedP00_4.s1" name="s1"><![CDATA[]]></location><location id="ptaNamedP00_4.s2" name="s2"><![CDATA[]]></location><edge id="ptaNamedP00_4.Edge1" from="ptaNamedP00_4.s1" to="ptaNamedP00_4.s2"><guard>1</guard><sync>startID00_4?</sync><update>1</update></edge></process><process id="ptaPrefix01_4" name="ptaPrefix01_4"><location id="ptaPrefix01_4.s1" name="s1"><![CDATA[]]></location></process><process id="ptaPrefix01_5" name="ptaPrefix01_5"><location id="ptaPrefix01_5.s1" name="s1"><![CDATA[]]></location></process><process id="ptaNamedP01_6" name="ptaNamedP01_6"><location id="ptaNamedP01_6.s1" name="s1"><![CDATA[]]></location></process><process id="pSyncTA" name="pSyncTA"><location id="pSyncTA.SyncPoint" name="SyncPoint"><![CDATA[]]></location></process></system><location_vector id="LocVec1" locations="pEnv.taEnv ptaPrefix0_0.s1 ptaPrefix0_1.s1 ptaIntCho0_2.s1 ptaPrefix00_3.s1 ptaNamedP00_4.s1 ptaPrefix01_4.s1 ptaPrefix01_5.s1 ptaNamedP01_6.s1 pSyncTA.SyncPoint "/><location_vector id="LocVec6" locations="pEnv.taEnv ptaPrefix0_0.s1 ptaPrefix0_1.s1 ptaIntCho0_2.s2 ptaPrefix00_3.s1 ptaNamedP00_4.s1 ptaPrefix01_4.s1 ptaPrefix01_5.s1 ptaNamedP01_6.s1 pSyncTA.SyncPoint "/><location_vector id="LocVec7" locations="pEnv.taEnv ptaPrefix0_0.s1 ptaPrefix0_1.s1 ptaIntCho0_2.s3 ptaPrefix00_3.s1 ptaNamedP00_4.s1 ptaPrefix01_4.s1 ptaPrefix01_5.s1 ptaNamedP01_6.s1 pSyncTA.SyncPoint "/><location_vector id="LocVec4" locations="pEnv.taEnv ptaPrefix0_0.s1 ptaPrefix0_1.s2 ptaIntCho0_2.s1 ptaPrefix00_3.s1 ptaNamedP00_4.s1 ptaPrefix01_4.s1 ptaPrefix01_5.s1 ptaNamedP01_6.s1 pSyncTA.SyncPoint "/><location_vector id="LocVec5" locations="pEnv.taEnv ptaPrefix0_0.s1 ptaPrefix0_1.s5 ptaIntCho0_2.s1 ptaPrefix00_3.s1 ptaNamedP00_4.s1 ptaPrefix01_4.s1 ptaPrefix01_5.s1 ptaNamedP01_6.s1 pSyncTA.SyncPoint "/><location_vector id="LocVec2" locations="pEnv.taEnv ptaPrefix0_0.s2 ptaPrefix0_1.s1 ptaIntCho0_2.s1 ptaPrefix00_3.s1 ptaNamedP00_4.s1 ptaPrefix01_4.s1 ptaPrefix01_5.s1 ptaNamedP01_6.s1 pSyncTA.SyncPoint "/><location_vector id="LocVec9" locations="pEnv.taEnv ptaPrefix0_0.s1 ptaPrefix0_1.s1 ptaIntCho0_2.s1 ptaPrefix00_3.s5 ptaNamedP00_4.s1 ptaPrefix01_4.s1 ptaPrefix01_5.s1 ptaNamedP01_6.s1 pSyncTA.SyncPoint "/><location_vector id="LocVec8" locations="pEnv.taEnv ptaPrefix0_0.s1 ptaPrefix0_1.s1 ptaIntCho0_2.s1 ptaPrefix00_3.s2 ptaNamedP00_4.s1 ptaPrefix01_4.s1 ptaPrefix01_5.s1 ptaNamedP01_6.s1 pSyncTA.SyncPoint "/><location_vector id="LocVec10" locations="pEnv.taEnv ptaPrefix0_0.s1 ptaPrefix0_1.s1 ptaIntCho0_2.s1 ptaPrefix00_3.s1 ptaNamedP00_4.s2 ptaPrefix01_4.s1 ptaPrefix01_5.s1 ptaNamedP01_6.s1 pSyncTA.SyncPoint "/><location_vector id="LocVec3" locations="pEnv.taEnv ptaPrefix0_0.s5 ptaPrefix0_1.s1 ptaIntCho0_2.s1 ptaPrefix00_3.s1 ptaNamedP00_4.s1 ptaPrefix01_4.s1 ptaPrefix01_5.s1 ptaNamedP01_6.s1 pSyncTA.SyncPoint "/><variable_vector id="varvec.5"><variable_state variable="sys.ep_0_0" value="1"/><variable_state variable="sys.ep_0_1" value="1"/><variable_state variable="sys.ep_0_2" value="0"/><variable_state variable="sys.ep_00_3" value="1"/><variable_state variable="sys.ep_00_4" value="0"/><variable_state variable="sys.ep_01_4" value="0"/><variable_state variable="sys.ep_01_5" value="0"/><variable_state variable="sys.ep_01_6" value="0"/><variable_state variable="sys.ep_FID0" value="0"/><variable_state variable="sys.ep_card_sync" value="0"/><variable_state variable="sys.ep_acceptPIN_sync" value="0"/><variable_state variable="sys.ep_correctPIN_sync" value="0"/><variable_state variable="sys.ep_incorretPIN_sync" value="0"/><variable_state variable="sys.ep_returnCard_sync" value="0"/><variable_state variable="sys.card_intrpt_guard" value="0"/><variable_state variable="sys.acceptPIN_intrpt_guard" value="0"/><variable_state variable="sys.correctPIN_intrpt_guard" value="0"/><variable_state variable="sys.incorretPIN_intrpt_guard" value="0"/><variable_state variable="sys.returnCard_intrpt_guard" value="0"/><variable_state variable="sys.d0_0" value="0"/><variable_state variable="sys.d0_1" value="0"/><variable_state variable="sys.d0_2" value="0"/><variable_state variable="sys.d00_3" value="0"/><variable_state variable="sys.d00_4" value="0"/><variable_state variable="sys.d01_4" value="0"/><variable_state variable="sys.d01_5" value="0"/><variable_state variable="sys.d01_6" value="0"/><variable_state variable="sys.ready_c" value="0"/><variable_state variable="sys.gIntrpt" value="0"/><variable_state variable="sys.guard_c" value="1"/><variable_state variable="sys.start" value="1"/><variable_state variable="sys.dp" value="3"/><variable_state variable="sys.tdeadline" value="0"/><variable_state variable="sys.card_exch_ready" value="0"/><variable_state variable="sys.acceptPIN_exch_ready" value="0"/><variable_state variable="sys.correctPIN_exch_ready" value="0"/><variable_state variable="sys.incorretPIN_exch_ready" value="0"/><variable_state variable="sys.returnCard_exch_ready" value="0"/><variable_state variable="sys.itau_exch_ready" value="0"/><variable_state variable="sys.__reach__" value="0"/><variable_state variable="sys.__single__" value="0"/></variable_vector><variable_vector id="varvec.1"><variable_state variable="sys.ep_0_0" value="0"/><variable_state variable="sys.ep_0_1" value="0"/><variable_state variable="sys.ep_0_2" value="0"/><variable_state variable="sys.ep_00_3" value="0"/><variable_state variable="sys.ep_00_4" value="0"/><variable_state variable="sys.ep_01_4" value="0"/><variable_state variable="sys.ep_01_5" value="0"/><variable_state variable="sys.ep_01_6" value="0"/><variable_state variable="sys.ep_FID0" value="0"/><variable_state variable="sys.ep_card_sync" value="0"/><variable_state variable="sys.ep_acceptPIN_sync" value="0"/><variable_state variable="sys.ep_correctPIN_sync" value="0"/><variable_state variable="sys.ep_incorretPIN_sync" value="0"/><variable_state variable="sys.ep_returnCard_sync" value="0"/><variable_state variable="sys.card_intrpt_guard" value="0"/><variable_state variable="sys.acceptPIN_intrpt_guard" value="0"/><variable_state variable="sys.correctPIN_intrpt_guard" value="0"/><variable_state variable="sys.incorretPIN_intrpt_guard" value="0"/><variable_state variable="sys.returnCard_intrpt_guard" value="0"/><variable_state variable="sys.d0_0" value="0"/><variable_state variable="sys.d0_1" value="0"/><variable_state variable="sys.d0_2" value="0"/><variable_state variable="sys.d00_3" value="0"/><variable_state variable="sys.d00_4" value="0"/><variable_state variable="sys.d01_4" value="0"/><variable_state variable="sys.d01_5" value="0"/><variable_state variable="sys.d01_6" value="0"/><variable_state variable="sys.ready_c" value="0"/><variable_state variable="sys.gIntrpt" value="0"/><variable_state variable="sys.guard_c" value="1"/><variable_state variable="sys.start" value="0"/><variable_state variable="sys.dp" value="0"/><variable_state variable="sys.tdeadline" value="0"/><variable_state variable="sys.card_exch_ready" value="0"/><variable_state variable="sys.acceptPIN_exch_ready" value="0"/><variable_state variable="sys.correctPIN_exch_ready" value="0"/><variable_state variable="sys.incorretPIN_exch_ready" value="0"/><variable_state variable="sys.returnCard_exch_ready" value="0"/><variable_state variable="sys.itau_exch_ready" value="0"/><variable_state variable="sys.__reach__" value="0"/><variable_state variable="sys.__single__" value="0"/></variable_vector><variable_vector id="varvec.2"><variable_state variable="sys.ep_0_0" value="0"/><variable_state variable="sys.ep_0_1" value="0"/><variable_state variable="sys.ep_0_2" value="0"/><variable_state variable="sys.ep_00_3" value="0"/><variable_state variable="sys.ep_00_4" value="0"/><variable_state variable="sys.ep_01_4" value="0"/><variable_state variable="sys.ep_01_5" value="0"/><variable_state variable="sys.ep_01_6" value="0"/><variable_state variable="sys.ep_FID0" value="0"/><variable_state variable="sys.ep_card_sync" value="0"/><variable_state variable="sys.ep_acceptPIN_sync" value="0"/><variable_state variable="sys.ep_correctPIN_sync" value="0"/><variable_state variable="sys.ep_incorretPIN_sync" value="0"/><variable_state variable="sys.ep_returnCard_sync" value="0"/><variable_state variable="sys.card_intrpt_guard" value="0"/><variable_state variable="sys.acceptPIN_intrpt_guard" value="0"/><variable_state variable="sys.correctPIN_intrpt_guard" value="0"/><variable_state variable="sys.incorretPIN_intrpt_guard" value="0"/><variable_state variable="sys.returnCard_intrpt_guard" value="0"/><variable_state variable="sys.d0_0" value="0"/><variable_state variable="sys.d0_1" value="0"/><variable_state variable="sys.d0_2" value="0"/><variable_state variable="sys.d00_3" value="0"/><variable_state variable="sys.d00_4" value="0"/><variable_state variable="sys.d01_4" value="0"/><variable_state variable="sys.d01_5" value="0"/><variable_state variable="sys.d01_6" value="0"/><variable_state variable="sys.ready_c" value="0"/><variable_state variable="sys.gIntrpt" value="0"/><variable_state variable="sys.guard_c" value="1"/><variable_state variable="sys.start" value="1"/><variable_state variable="sys.dp" value="0"/><variable_state variable="sys.tdeadline" value="0"/><variable_state variable="sys.card_exch_ready" value="0"/><variable_state variable="sys.acceptPIN_exch_ready" value="0"/><variable_state variable="sys.correctPIN_exch_ready" value="0"/><variable_state variable="sys.incorretPIN_exch_ready" value="0"/><variable_state variable="sys.returnCard_exch_ready" value="0"/><variable_state variable="sys.itau_exch_ready" value="0"/><variable_state variable="sys.__reach__" value="0"/><variable_state variable="sys.__single__" value="0"/></variable_vector><variable_vector id="varvec.4"><variable_state variable="sys.ep_0_0" value="1"/><variable_state variable="sys.ep_0_1" value="1"/><variable_state variable="sys.ep_0_2" value="0"/><variable_state variable="sys.ep_00_3" value="0"/><variable_state variable="sys.ep_00_4" value="0"/><variable_state variable="sys.ep_01_4" value="0"/><variable_state variable="sys.ep_01_5" value="0"/><variable_state variable="sys.ep_01_6" value="0"/><variable_state variable="sys.ep_FID0" value="0"/><variable_state variable="sys.ep_card_sync" value="0"/><variable_state variable="sys.ep_acceptPIN_sync" value="0"/><variable_state variable="sys.ep_correctPIN_sync" value="0"/><variable_state variable="sys.ep_incorretPIN_sync" value="0"/><variable_state variable="sys.ep_returnCard_sync" value="0"/><variable_state variable="sys.card_intrpt_guard" value="0"/><variable_state variable="sys.acceptPIN_intrpt_guard" value="0"/><variable_state variable="sys.correctPIN_intrpt_guard" value="0"/><variable_state variable="sys.incorretPIN_intrpt_guard" value="0"/><variable_state variable="sys.returnCard_intrpt_guard" value="0"/><variable_state variable="sys.d0_0" value="0"/><variable_state variable="sys.d0_1" value="0"/><variable_state variable="sys.d0_2" value="0"/><variable_state variable="sys.d00_3" value="0"/><variable_state variable="sys.d00_4" value="0"/><variable_state variable="sys.d01_4" value="0"/><variable_state variable="sys.d01_5" value="0"/><variable_state variable="sys.d01_6" value="0"/><variable_state variable="sys.ready_c" value="0"/><variable_state variable="sys.gIntrpt" value="0"/><variable_state variable="sys.guard_c" value="1"/><variable_state variable="sys.start" value="1"/><variable_state variable="sys.dp" value="2"/><variable_state variable="sys.tdeadline" value="0"/><variable_state variable="sys.card_exch_ready" value="0"/><variable_state variable="sys.acceptPIN_exch_ready" value="0"/><variable_state variable="sys.correctPIN_exch_ready" value="0"/><variable_state variable="sys.incorretPIN_exch_ready" value="0"/><variable_state variable="sys.returnCard_exch_ready" value="0"/><variable_state variable="sys.itau_exch_ready" value="0"/><variable_state variable="sys.__reach__" value="0"/><variable_state variable="sys.__single__" value="0"/></variable_vector><variable_vector id="varvec.3"><variable_state variable="sys.ep_0_0" value="1"/><variable_state variable="sys.ep_0_1" value="0"/><variable_state variable="sys.ep_0_2" value="0"/><variable_state variable="sys.ep_00_3" value="0"/><variable_state variable="sys.ep_00_4" value="0"/><variable_state variable="sys.ep_01_4" value="0"/><variable_state variable="sys.ep_01_5" value="0"/><variable_state variable="sys.ep_01_6" value="0"/><variable_state variable="sys.ep_FID0" value="0"/><variable_state variable="sys.ep_card_sync" value="0"/><variable_state variable="sys.ep_acceptPIN_sync" value="0"/><variable_state variable="sys.ep_correctPIN_sync" value="0"/><variable_state variable="sys.ep_incorretPIN_sync" value="0"/><variable_state variable="sys.ep_returnCard_sync" value="0"/><variable_state variable="sys.card_intrpt_guard" value="0"/><variable_state variable="sys.acceptPIN_intrpt_guard" value="0"/><variable_state variable="sys.correctPIN_intrpt_guard" value="0"/><variable_state variable="sys.incorretPIN_intrpt_guard" value="0"/><variable_state variable="sys.returnCard_intrpt_guard" value="0"/><variable_state variable="sys.d0_0" value="0"/><variable_state variable="sys.d0_1" value="0"/><variable_state variable="sys.d0_2" value="0"/><variable_state variable="sys.d00_3" value="0"/><variable_state variable="sys.d00_4" value="0"/><variable_state variable="sys.d01_4" value="0"/><variable_state variable="sys.d01_5" value="0"/><variable_state variable="sys.d01_6" value="0"/><variable_state variable="sys.ready_c" value="0"/><variable_state variable="sys.gIntrpt" value="0"/><variable_state variable="sys.guard_c" value="1"/><variable_state variable="sys.start" value="1"/><variable_state variable="sys.dp" value="1"/><variable_state variable="sys.tdeadline" value="0"/><variable_state variable="sys.card_exch_ready" value="0"/><variable_state variable="sys.acceptPIN_exch_ready" value="0"/><variable_state variable="sys.correctPIN_exch_ready" value="0"/><variable_state variable="sys.incorretPIN_exch_ready" value="0"/><variable_state variable="sys.returnCard_exch_ready" value="0"/><variable_state variable="sys.itau_exch_ready" value="0"/><variable_state variable="sys.__reach__" value="0"/><variable_state variable="sys.__single__" value="0"/></variable_vector><node id="State3" location_vector="LocVec3" dbm_instance="DBM1 " variable_vector="varvec.3"/><node id="State9" location_vector="LocVec9" dbm_instance="DBM1 " variable_vector="varvec.5"/><node id="State2" location_vector="LocVec2" dbm_instance="DBM1 " variable_vector="varvec.2"/><node id="State6" location_vector="LocVec6" dbm_instance="DBM1 " variable_vector="varvec.4"/><node id="State8" location_vector="LocVec8" dbm_instance="DBM1 " variable_vector="varvec.4"/><node id="State7" location_vector="LocVec7" dbm_instance="DBM1 " variable_vector="varvec.4"/><node id="State1" location_vector="LocVec1" dbm_instance="DBM1 " variable_vector="varvec.1"/><node id="State10" location_vector="LocVec10" dbm_instance="DBM1 " variable_vector="varvec.5"/><node id="State4" location_vector="LocVec4" dbm_instance="DBM1 " variable_vector="varvec.3"/><node id="State5" location_vector="LocVec5" dbm_instance="DBM1 " variable_vector="varvec.4"/><dbm_instance id="DBM1"><clockbound clock1="sys.t(0)" clock2="sys.t(0)" bound="0" comp="&lt;="/><clockbound clock1="sys.t(0)" clock2="sys.ck" bound="0" comp="&lt;="/><clockbound clock1="sys.ck" clock2="sys.t(0)" bound="inf" comp="&lt;"/><clockbound clock1="sys.ck" clock2="sys.ck" bound="0" comp="&lt;="/></dbm_instance><transition from="State1" to="State2" edges="pEnv.Edge1 ptaPrefix0_0.Edge1 "/><transition from="State2" to="State3" edges="ptaPrefix0_0.Edge2 pEnv.Edge2 "/><transition from="State3" to="State4" edges="ptaPrefix0_0.Edge3 ptaPrefix0_1.Edge1 "/><transition from="State4" to="State5" edges="ptaPrefix0_1.Edge2 pEnv.Edge3 "/><transition from="State5" to="State6" edges="ptaPrefix0_1.Edge3 ptaIntCho0_2.Edge1 "/><transition from="State6" to="State7" edges="ptaIntCho0_2.Edge2 "/><transition from="State7" to="State8" edges="ptaIntCho0_2.Edge3 ptaPrefix00_3.Edge1 "/><transition from="State8" to="State9" edges="ptaPrefix00_3.Edge2 pEnv.Edge4 "/><transition from="State9" to="State10" edges="ptaPrefix00_3.Edge3 ptaNamedP00_4.Edge1 "/></trace>