{ "copyright_notice": "FDR Version 4.2.4 copyright 2016 Oxford University Innovation Ltd. All Rights Reserved.","license_type": "Academic license for non-commercial use only","results": [{ "assertion_string": "AutoBarrier :[deadlock free]","errors": [],"is_negated": 0,"result": 1,"visited_states": 35,"visited_transitions": 84,"visited_plys": 29,"counterexamples": []}],"print_statement_results": [],"file_name": "inputProcesses\/AutoBarrier\/FDR\/AutoBarrier_s3\/AutoBarrier_s3.csp","event_map": {},"warnings": [],"errors": []}