<?xml version="1.0" encoding="UTF-8"?>
<trace initial_node="State1" trace_options="symbolic"><system><clock name="t(0)" id="sys.t(0)"/><clock name="ck" id="sys.ck"/><variable name="ep_0_0" id="sys.ep_0_0"/><variable name="ep_0_1" id="sys.ep_0_1"/><variable name="ep_0_2" id="sys.ep_0_2"/><variable name="ep_0_3" id="sys.ep_0_3"/><variable name="ep_0_4" id="sys.ep_0_4"/><variable name="ep_0_5" id="sys.ep_0_5"/><variable name="ep_00_6" id="sys.ep_00_6"/><variable name="ep_017" id="sys.ep_017"/><variable name="ep_010_8" id="sys.ep_010_8"/><variable name="ep_010_9" id="sys.ep_010_9"/><variable name="ep_010_10" id="sys.ep_010_10"/><variable name="ep_010_11" id="sys.ep_010_11"/><variable name="ep_010_12" id="sys.ep_010_12"/><variable name="ep_010_13" id="sys.ep_010_13"/><variable name="ep_010_14" id="sys.ep_010_14"/><variable name="ep_010_15" id="sys.ep_010_15"/><variable name="ep_010_16" id="sys.ep_010_16"/><variable name="ep_010_17" id="sys.ep_010_17"/><variable name="ep_010_18" id="sys.ep_010_18"/><variable name="ep_010_19" id="sys.ep_010_19"/><variable name="ep_010_20" id="sys.ep_010_20"/><variable name="ep_010_21" id="sys.ep_010_21"/><variable name="ep_010_22" id="sys.ep_010_22"/><variable name="ep_010_23" id="sys.ep_010_23"/><variable name="ep_010_24" id="sys.ep_010_24"/><variable name="ep_010_25" id="sys.ep_010_25"/><variable name="ep_010_26" id="sys.ep_010_26"/><variable name="ep_010_27" id="sys.ep_010_27"/><variable name="ep_010_28" id="sys.ep_010_28"/><variable name="ep_011_9" id="sys.ep_011_9"/><variable name="ep_FID0" id="sys.ep_FID0"/><variable name="ep_acceptTicket_sync" id="sys.ep_acceptTicket_sync"/><variable name="ep_dispenseTicket_sync" id="sys.ep_dispenseTicket_sync"/><variable name="ep_tock_sync" id="sys.ep_tock_sync"/><variable name="ep_raiseBarrier_sync" id="sys.ep_raiseBarrier_sync"/><variable name="acceptTicket_intrpt_guard" id="sys.acceptTicket_intrpt_guard"/><variable name="dispenseTicket_intrpt_guard" id="sys.dispenseTicket_intrpt_guard"/><variable name="tock_intrpt_guard" id="sys.tock_intrpt_guard"/><variable name="raiseBarrier_intrpt_guard" id="sys.raiseBarrier_intrpt_guard"/><variable name="d0_0" id="sys.d0_0"/><variable name="d0_1" id="sys.d0_1"/><variable name="d0_2" id="sys.d0_2"/><variable name="d0_3" id="sys.d0_3"/><variable name="d0_4" id="sys.d0_4"/><variable name="d0_5" id="sys.d0_5"/><variable name="d00_6" id="sys.d00_6"/><variable name="d017" id="sys.d017"/><variable name="d010_8" id="sys.d010_8"/><variable name="d010_9" id="sys.d010_9"/><variable name="d010_10" id="sys.d010_10"/><variable name="d010_11" id="sys.d010_11"/><variable name="d010_12" id="sys.d010_12"/><variable name="d010_13" id="sys.d010_13"/><variable name="d010_14" id="sys.d010_14"/><variable name="d010_15" id="sys.d010_15"/><variable name="d010_16" id="sys.d010_16"/><variable name="d010_17" id="sys.d010_17"/><variable name="d010_18" id="sys.d010_18"/><variable name="d010_19" id="sys.d010_19"/><variable name="d010_20" id="sys.d010_20"/><variable name="d010_21" id="sys.d010_21"/><variable name="d010_22" id="sys.d010_22"/><variable name="d010_23" id="sys.d010_23"/><variable name="d010_24" id="sys.d010_24"/><variable name="d010_25" id="sys.d010_25"/><variable name="d010_26" id="sys.d010_26"/><variable name="d010_27" id="sys.d010_27"/><variable name="d010_28" id="sys.d010_28"/><variable name="d011_9" id="sys.d011_9"/><variable name="ready_c" id="sys.ready_c"/><variable name="gIntrpt" id="sys.gIntrpt"/><variable name="guard_c" id="sys.guard_c"/><variable name="start" id="sys.start"/><variable name="dp" id="sys.dp"/><variable name="tdeadline" id="sys.tdeadline"/><variable name="acceptTicket_exch_ready" id="sys.acceptTicket_exch_ready"/><variable name="dispenseTicket_exch_ready" id="sys.dispenseTicket_exch_ready"/><variable name="tock_exch_ready" id="sys.tock_exch_ready"/><variable name="raiseBarrier_exch_ready" id="sys.raiseBarrier_exch_ready"/><variable name="itau_exch_ready" id="sys.itau_exch_ready"/><variable name="__reach__" id="sys.__reach__"/><variable name="__single__" id="sys.__single__"/><process id="pEnv" name="pEnv"><location id="pEnv.taEnv" name="taEnv"><![CDATA[]]></location><edge id="pEnv.Edge1" from="pEnv.taEnv" to="pEnv.taEnv"><guard>start == 0</guard><sync>startIDAutoBarrier!</sync><update>start := 1</update></edge><edge id="pEnv.Edge2" from="pEnv.taEnv" to="pEnv.taEnv"><guard>1</guard><sync>acceptTicket?</sync><update>1</update></edge><edge id="pEnv.Edge3" from="pEnv.taEnv" to="pEnv.taEnv"><guard>1</guard><sync>dispenseTicket?</sync><update>1</update></edge><edge id="pEnv.Edge4" from="pEnv.taEnv" to="pEnv.taEnv"><guard>1</guard><sync>tock?</sync><update>1</update></edge><edge id="pEnv.Edge5" from="pEnv.taEnv" to="pEnv.taEnv"><guard>1</guard><sync>raiseBarrier?</sync><update>1</update></edge></process><process id="ptaPrefix0_0" name="ptaPrefix0_0"><location id="ptaPrefix0_0.s1" name="s1"><![CDATA[]]></location><location id="ptaPrefix0_0.s2" name="s2"><![CDATA[]]></location><location id="ptaPrefix0_0.s5" name="s5"><![CDATA[]]></location><edge id="ptaPrefix0_0.Edge1" from="ptaPrefix0_0.s1" to="ptaPrefix0_0.s2"><guard>1</guard><sync>startIDAutoBarrier?</sync><update>1</update></edge><edge id="ptaPrefix0_0.Edge2" from="ptaPrefix0_0.s2" to="ptaPrefix0_0.s5"><guard>1</guard><sync>acceptTicket!</sync><update>dp += 1, ep_0_0 := true</update></edge><edge id="ptaPrefix0_0.Edge3" from="ptaPrefix0_0.s5" to="ptaPrefix0_0.s1"><guard>1</guard><sync>startID0_1!</sync><update>1</update></edge></process><process id="ptaPrefix0_1" name="ptaPrefix0_1"><location id="ptaPrefix0_1.s1" name="s1"><![CDATA[]]></location><location id="ptaPrefix0_1.s2" name="s2"><![CDATA[]]></location><location id="ptaPrefix0_1.s5" name="s5"><![CDATA[]]></location><edge id="ptaPrefix0_1.Edge1" from="ptaPrefix0_1.s1" to="ptaPrefix0_1.s2"><guard>1</guard><sync>startID0_1?</sync><update>1</update></edge><edge id="ptaPrefix0_1.Edge2" from="ptaPrefix0_1.s2" to="ptaPrefix0_1.s5"><guard>1</guard><sync>dispenseTicket!</sync><update>dp += 1, ep_0_1 := true</update></edge><edge id="ptaPrefix0_1.Edge3" from="ptaPrefix0_1.s5" to="ptaPrefix0_1.s1"><guard>1</guard><sync>startID0_2!</sync><update>1</update></edge></process><process id="ptaPrefix0_2" name="ptaPrefix0_2"><location id="ptaPrefix0_2.s1" name="s1"><![CDATA[]]></location><location id="ptaPrefix0_2.s2" name="s2"><![CDATA[]]></location><location id="ptaPrefix0_2.s5" name="s5"><![CDATA[]]></location><edge id="ptaPrefix0_2.Edge1" from="ptaPrefix0_2.s1" to="ptaPrefix0_2.s2"><guard>1</guard><sync>startID0_2?</sync><update>1</update></edge><edge id="ptaPrefix0_2.Edge2" from="ptaPrefix0_2.s2" to="ptaPrefix0_2.s5"><guard>1</guard><sync>tock!</sync><update>dp += 1, ep_0_2 := true</update></edge><edge id="ptaPrefix0_2.Edge3" from="ptaPrefix0_2.s5" to="ptaPrefix0_2.s1"><guard>1</guard><sync>startID0_3!</sync><update>1</update></edge></process><process id="ptaPrefix0_3" name="ptaPrefix0_3"><location id="ptaPrefix0_3.s1" name="s1"><![CDATA[]]></location><location id="ptaPrefix0_3.s2" name="s2"><![CDATA[]]></location><location id="ptaPrefix0_3.s5" name="s5"><![CDATA[]]></location><edge id="ptaPrefix0_3.Edge1" from="ptaPrefix0_3.s1" to="ptaPrefix0_3.s2"><guard>1</guard><sync>startID0_3?</sync><update>1</update></edge><edge id="ptaPrefix0_3.Edge2" from="ptaPrefix0_3.s2" to="ptaPrefix0_3.s5"><guard>1</guard><sync>tock!</sync><update>dp += 1, ep_0_3 := true</update></edge><edge id="ptaPrefix0_3.Edge3" from="ptaPrefix0_3.s5" to="ptaPrefix0_3.s1"><guard>1</guard><sync>startID0_4!</sync><update>1</update></edge></process><process id="ptaPrefix0_4" name="ptaPrefix0_4"><location id="ptaPrefix0_4.s1" name="s1"><![CDATA[]]></location><location id="ptaPrefix0_4.s2" name="s2"><![CDATA[]]></location><location id="ptaPrefix0_4.s5" name="s5"><![CDATA[]]></location><edge id="ptaPrefix0_4.Edge1" from="ptaPrefix0_4.s1" to="ptaPrefix0_4.s2"><guard>1</guard><sync>startID0_4?</sync><update>1</update></edge><edge id="ptaPrefix0_4.Edge2" from="ptaPrefix0_4.s2" to="ptaPrefix0_4.s5"><guard>1</guard><sync>raiseBarrier!</sync><update>dp += 1, ep_0_4 := true</update></edge><edge id="ptaPrefix0_4.Edge3" from="ptaPrefix0_4.s5" to="ptaPrefix0_4.s1"><guard>1</guard><sync>startID0_5!</sync><update>1</update></edge></process><process id="ptaExtCho0_5" name="ptaExtCho0_5"><location id="ptaExtCho0_5.s1" name="s1"><![CDATA[]]></location><location id="ptaExtCho0_5.s2" name="s2"><![CDATA[]]></location><location id="ptaExtCho0_5.s3" name="s3"><![CDATA[]]></location><edge id="ptaExtCho0_5.Edge1" from="ptaExtCho0_5.s1" to="ptaExtCho0_5.s2"><guard>1</guard><sync>startID0_5?</sync><update>1</update></edge><edge id="ptaExtCho0_5.Edge2" from="ptaExtCho0_5.s2" to="ptaExtCho0_5.s3"><guard>1</guard><sync>startID00_6!</sync><update>1</update></edge><edge id="ptaExtCho0_5.Edge3" from="ptaExtCho0_5.s3" to="ptaExtCho0_5.s1"><guard>1</guard><sync>startID01_7!</sync><update>1</update></edge></process><process id="ptaNamedP00_6" name="ptaNamedP00_6"><location id="ptaNamedP00_6.s1" name="s1"><![CDATA[]]></location><location id="ptaNamedP00_6.s2" name="s2"><![CDATA[]]></location><edge id="ptaNamedP00_6.Edge1" from="ptaNamedP00_6.s1" to="ptaNamedP00_6.s2"><guard>1</guard><sync>startID00_6?</sync><update>1</update></edge></process><process id="ptaSequen017" name="ptaSequen017"><location id="ptaSequen017.s1" name="s1"><![CDATA[]]></location><location id="ptaSequen017.s2" name="s2"><![CDATA[]]></location><location id="ptaSequen017.s3" name="s3"><![CDATA[]]></location><edge id="ptaSequen017.Edge1" from="ptaSequen017.s1" to="ptaSequen017.s2"><guard>1</guard><sync>startID01_7?</sync><update>1</update></edge><edge id="ptaSequen017.Edge2" from="ptaSequen017.s2" to="ptaSequen017.s3"><guard>1</guard><sync>startID010_8!</sync><update>1</update></edge></process><process id="ptaPrefix010_8" name="ptaPrefix010_8"><location id="ptaPrefix010_8.s1" name="s1"><![CDATA[]]></location><location id="ptaPrefix010_8.s2" name="s2"><![CDATA[]]></location><edge id="ptaPrefix010_8.Edge1" from="ptaPrefix010_8.s1" to="ptaPrefix010_8.s2"><guard>1</guard><sync>startID010_8?</sync><update>1</update></edge></process><process id="ptaPrefix010_9" name="ptaPrefix010_9"><location id="ptaPrefix010_9.s1" name="s1"><![CDATA[]]></location></process><process id="ptaPrefix010_10" name="ptaPrefix010_10"><location id="ptaPrefix010_10.s1" name="s1"><![CDATA[]]></location></process><process id="ptaPrefix010_11" name="ptaPrefix010_11"><location id="ptaPrefix010_11.s1" name="s1"><![CDATA[]]></location></process><process id="ptaPrefix010_12" name="ptaPrefix010_12"><location id="ptaPrefix010_12.s1" name="s1"><![CDATA[]]></location></process><process id="ptaPrefix010_13" name="ptaPrefix010_13"><location id="ptaPrefix010_13.s1" name="s1"><![CDATA[]]></location></process><process id="ptaPrefix010_14" name="ptaPrefix010_14"><location id="ptaPrefix010_14.s1" name="s1"><![CDATA[]]></location></process><process id="ptaPrefix010_15" name="ptaPrefix010_15"><location id="ptaPrefix010_15.s1" name="s1"><![CDATA[]]></location></process><process id="ptaPrefix010_16" name="ptaPrefix010_16"><location id="ptaPrefix010_16.s1" name="s1"><![CDATA[]]></location></process><process id="ptaPrefix010_17" name="ptaPrefix010_17"><location id="ptaPrefix010_17.s1" name="s1"><![CDATA[]]></location></process><process id="ptaPrefix010_18" name="ptaPrefix010_18"><location id="ptaPrefix010_18.s1" name="s1"><![CDATA[]]></location></process><process id="ptaPrefix010_19" name="ptaPrefix010_19"><location id="ptaPrefix010_19.s1" name="s1"><![CDATA[]]></location></process><process id="ptaPrefix010_20" name="ptaPrefix010_20"><location id="ptaPrefix010_20.s1" name="s1"><![CDATA[]]></location></process><process id="ptaPrefix010_21" name="ptaPrefix010_21"><location id="ptaPrefix010_21.s1" name="s1"><![CDATA[]]></location></process><process id="ptaPrefix010_22" name="ptaPrefix010_22"><location id="ptaPrefix010_22.s1" name="s1"><![CDATA[]]></location></process><process id="ptaPrefix010_23" name="ptaPrefix010_23"><location id="ptaPrefix010_23.s1" name="s1"><![CDATA[]]></location></process><process id="ptaPrefix010_24" name="ptaPrefix010_24"><location id="ptaPrefix010_24.s1" name="s1"><![CDATA[]]></location></process><process id="ptaPrefix010_25" name="ptaPrefix010_25"><location id="ptaPrefix010_25.s1" name="s1"><![CDATA[]]></location></process><process id="ptaPrefix010_26" name="ptaPrefix010_26"><location id="ptaPrefix010_26.s1" name="s1"><![CDATA[]]></location></process><process id="ptaPrefix010_27" name="ptaPrefix010_27"><location id="ptaPrefix010_27.s1" name="s1"><![CDATA[]]></location></process><process id="ptaWait_n010_28" name="ptaWait_n010_28"><location id="ptaWait_n010_28.s1" name="s1"><![CDATA[]]></location></process><process id="ptaNamedP011_9" name="ptaNamedP011_9"><location id="ptaNamedP011_9.s1" name="s1"><![CDATA[]]></location></process><process id="pSyncTA" name="pSyncTA"><location id="pSyncTA.SyncPoint" name="SyncPoint"><![CDATA[]]></location></process></system><location_vector id="LocVec13" locations="pEnv.taEnv ptaPrefix0_0.s1 ptaPrefix0_1.s1 ptaPrefix0_2.s1 ptaPrefix0_3.s1 ptaPrefix0_4.s1 ptaExtCho0_5.s3 ptaNamedP00_6.s2 ptaSequen017.s1 ptaPrefix010_8.s1 ptaPrefix010_9.s1 ptaPrefix010_10.s1 ptaPrefix010_11.s1 ptaPrefix010_12.s1 ptaPrefix010_13.s1 ptaPrefix010_14.s1 ptaPrefix010_15.s1 ptaPrefix010_16.s1 ptaPrefix010_17.s1 ptaPrefix010_18.s1 ptaPrefix010_19.s1 ptaPrefix010_20.s1 ptaPrefix010_21.s1 ptaPrefix010_22.s1 ptaPrefix010_23.s1 ptaPrefix010_24.s1 ptaPrefix010_25.s1 ptaPrefix010_26.s1 ptaPrefix010_27.s1 ptaWait_n010_28.s1 ptaNamedP011_9.s1 pSyncTA.SyncPoint "/><location_vector id="LocVec6" locations="pEnv.taEnv ptaPrefix0_0.s1 ptaPrefix0_1.s1 ptaPrefix0_2.s2 ptaPrefix0_3.s1 ptaPrefix0_4.s1 ptaExtCho0_5.s1 ptaNamedP00_6.s1 ptaSequen017.s1 ptaPrefix010_8.s1 ptaPrefix010_9.s1 ptaPrefix010_10.s1 ptaPrefix010_11.s1 ptaPrefix010_12.s1 ptaPrefix010_13.s1 ptaPrefix010_14.s1 ptaPrefix010_15.s1 ptaPrefix010_16.s1 ptaPrefix010_17.s1 ptaPrefix010_18.s1 ptaPrefix010_19.s1 ptaPrefix010_20.s1 ptaPrefix010_21.s1 ptaPrefix010_22.s1 ptaPrefix010_23.s1 ptaPrefix010_24.s1 ptaPrefix010_25.s1 ptaPrefix010_26.s1 ptaPrefix010_27.s1 ptaWait_n010_28.s1 ptaNamedP011_9.s1 pSyncTA.SyncPoint "/><location_vector id="LocVec15" locations="pEnv.taEnv ptaPrefix0_0.s1 ptaPrefix0_1.s1 ptaPrefix0_2.s1 ptaPrefix0_3.s1 ptaPrefix0_4.s1 ptaExtCho0_5.s1 ptaNamedP00_6.s2 ptaSequen017.s3 ptaPrefix010_8.s2 ptaPrefix010_9.s1 ptaPrefix010_10.s1 ptaPrefix010_11.s1 ptaPrefix010_12.s1 ptaPrefix010_13.s1 ptaPrefix010_14.s1 ptaPrefix010_15.s1 ptaPrefix010_16.s1 ptaPrefix010_17.s1 ptaPrefix010_18.s1 ptaPrefix010_19.s1 ptaPrefix010_20.s1 ptaPrefix010_21.s1 ptaPrefix010_22.s1 ptaPrefix010_23.s1 ptaPrefix010_24.s1 ptaPrefix010_25.s1 ptaPrefix010_26.s1 ptaPrefix010_27.s1 ptaWait_n010_28.s1 ptaNamedP011_9.s1 pSyncTA.SyncPoint "/><location_vector id="LocVec4" locations="pEnv.taEnv ptaPrefix0_0.s1 ptaPrefix0_1.s2 ptaPrefix0_2.s1 ptaPrefix0_3.s1 ptaPrefix0_4.s1 ptaExtCho0_5.s1 ptaNamedP00_6.s1 ptaSequen017.s1 ptaPrefix010_8.s1 ptaPrefix010_9.s1 ptaPrefix010_10.s1 ptaPrefix010_11.s1 ptaPrefix010_12.s1 ptaPrefix010_13.s1 ptaPrefix010_14.s1 ptaPrefix010_15.s1 ptaPrefix010_16.s1 ptaPrefix010_17.s1 ptaPrefix010_18.s1 ptaPrefix010_19.s1 ptaPrefix010_20.s1 ptaPrefix010_21.s1 ptaPrefix010_22.s1 ptaPrefix010_23.s1 ptaPrefix010_24.s1 ptaPrefix010_25.s1 ptaPrefix010_26.s1 ptaPrefix010_27.s1 ptaWait_n010_28.s1 ptaNamedP011_9.s1 pSyncTA.SyncPoint "/><location_vector id="LocVec1" locations="pEnv.taEnv ptaPrefix0_0.s1 ptaPrefix0_1.s1 ptaPrefix0_2.s1 ptaPrefix0_3.s1 ptaPrefix0_4.s1 ptaExtCho0_5.s1 ptaNamedP00_6.s1 ptaSequen017.s1 ptaPrefix010_8.s1 ptaPrefix010_9.s1 ptaPrefix010_10.s1 ptaPrefix010_11.s1 ptaPrefix010_12.s1 ptaPrefix010_13.s1 ptaPrefix010_14.s1 ptaPrefix010_15.s1 ptaPrefix010_16.s1 ptaPrefix010_17.s1 ptaPrefix010_18.s1 ptaPrefix010_19.s1 ptaPrefix010_20.s1 ptaPrefix010_21.s1 ptaPrefix010_22.s1 ptaPrefix010_23.s1 ptaPrefix010_24.s1 ptaPrefix010_25.s1 ptaPrefix010_26.s1 ptaPrefix010_27.s1 ptaWait_n010_28.s1 ptaNamedP011_9.s1 pSyncTA.SyncPoint "/><location_vector id="LocVec5" locations="pEnv.taEnv ptaPrefix0_0.s1 ptaPrefix0_1.s5 ptaPrefix0_2.s1 ptaPrefix0_3.s1 ptaPrefix0_4.s1 ptaExtCho0_5.s1 ptaNamedP00_6.s1 ptaSequen017.s1 ptaPrefix010_8.s1 ptaPrefix010_9.s1 ptaPrefix010_10.s1 ptaPrefix010_11.s1 ptaPrefix010_12.s1 ptaPrefix010_13.s1 ptaPrefix010_14.s1 ptaPrefix010_15.s1 ptaPrefix010_16.s1 ptaPrefix010_17.s1 ptaPrefix010_18.s1 ptaPrefix010_19.s1 ptaPrefix010_20.s1 ptaPrefix010_21.s1 ptaPrefix010_22.s1 ptaPrefix010_23.s1 ptaPrefix010_24.s1 ptaPrefix010_25.s1 ptaPrefix010_26.s1 ptaPrefix010_27.s1 ptaWait_n010_28.s1 ptaNamedP011_9.s1 pSyncTA.SyncPoint "/><location_vector id="LocVec7" locations="pEnv.taEnv ptaPrefix0_0.s1 ptaPrefix0_1.s1 ptaPrefix0_2.s5 ptaPrefix0_3.s1 ptaPrefix0_4.s1 ptaExtCho0_5.s1 ptaNamedP00_6.s1 ptaSequen017.s1 ptaPrefix010_8.s1 ptaPrefix010_9.s1 ptaPrefix010_10.s1 ptaPrefix010_11.s1 ptaPrefix010_12.s1 ptaPrefix010_13.s1 ptaPrefix010_14.s1 ptaPrefix010_15.s1 ptaPrefix010_16.s1 ptaPrefix010_17.s1 ptaPrefix010_18.s1 ptaPrefix010_19.s1 ptaPrefix010_20.s1 ptaPrefix010_21.s1 ptaPrefix010_22.s1 ptaPrefix010_23.s1 ptaPrefix010_24.s1 ptaPrefix010_25.s1 ptaPrefix010_26.s1 ptaPrefix010_27.s1 ptaWait_n010_28.s1 ptaNamedP011_9.s1 pSyncTA.SyncPoint "/><location_vector id="LocVec10" locations="pEnv.taEnv ptaPrefix0_0.s1 ptaPrefix0_1.s1 ptaPrefix0_2.s1 ptaPrefix0_3.s1 ptaPrefix0_4.s2 ptaExtCho0_5.s1 ptaNamedP00_6.s1 ptaSequen017.s1 ptaPrefix010_8.s1 ptaPrefix010_9.s1 ptaPrefix010_10.s1 ptaPrefix010_11.s1 ptaPrefix010_12.s1 ptaPrefix010_13.s1 ptaPrefix010_14.s1 ptaPrefix010_15.s1 ptaPrefix010_16.s1 ptaPrefix010_17.s1 ptaPrefix010_18.s1 ptaPrefix010_19.s1 ptaPrefix010_20.s1 ptaPrefix010_21.s1 ptaPrefix010_22.s1 ptaPrefix010_23.s1 ptaPrefix010_24.s1 ptaPrefix010_25.s1 ptaPrefix010_26.s1 ptaPrefix010_27.s1 ptaWait_n010_28.s1 ptaNamedP011_9.s1 pSyncTA.SyncPoint "/><location_vector id="LocVec2" locations="pEnv.taEnv ptaPrefix0_0.s2 ptaPrefix0_1.s1 ptaPrefix0_2.s1 ptaPrefix0_3.s1 ptaPrefix0_4.s1 ptaExtCho0_5.s1 ptaNamedP00_6.s1 ptaSequen017.s1 ptaPrefix010_8.s1 ptaPrefix010_9.s1 ptaPrefix010_10.s1 ptaPrefix010_11.s1 ptaPrefix010_12.s1 ptaPrefix010_13.s1 ptaPrefix010_14.s1 ptaPrefix010_15.s1 ptaPrefix010_16.s1 ptaPrefix010_17.s1 ptaPrefix010_18.s1 ptaPrefix010_19.s1 ptaPrefix010_20.s1 ptaPrefix010_21.s1 ptaPrefix010_22.s1 ptaPrefix010_23.s1 ptaPrefix010_24.s1 ptaPrefix010_25.s1 ptaPrefix010_26.s1 ptaPrefix010_27.s1 ptaWait_n010_28.s1 ptaNamedP011_9.s1 pSyncTA.SyncPoint "/><location_vector id="LocVec12" locations="pEnv.taEnv ptaPrefix0_0.s1 ptaPrefix0_1.s1 ptaPrefix0_2.s1 ptaPrefix0_3.s1 ptaPrefix0_4.s1 ptaExtCho0_5.s2 ptaNamedP00_6.s1 ptaSequen017.s1 ptaPrefix010_8.s1 ptaPrefix010_9.s1 ptaPrefix010_10.s1 ptaPrefix010_11.s1 ptaPrefix010_12.s1 ptaPrefix010_13.s1 ptaPrefix010_14.s1 ptaPrefix010_15.s1 ptaPrefix010_16.s1 ptaPrefix010_17.s1 ptaPrefix010_18.s1 ptaPrefix010_19.s1 ptaPrefix010_20.s1 ptaPrefix010_21.s1 ptaPrefix010_22.s1 ptaPrefix010_23.s1 ptaPrefix010_24.s1 ptaPrefix010_25.s1 ptaPrefix010_26.s1 ptaPrefix010_27.s1 ptaWait_n010_28.s1 ptaNamedP011_9.s1 pSyncTA.SyncPoint "/><location_vector id="LocVec14" locations="pEnv.taEnv ptaPrefix0_0.s1 ptaPrefix0_1.s1 ptaPrefix0_2.s1 ptaPrefix0_3.s1 ptaPrefix0_4.s1 ptaExtCho0_5.s1 ptaNamedP00_6.s2 ptaSequen017.s2 ptaPrefix010_8.s1 ptaPrefix010_9.s1 ptaPrefix010_10.s1 ptaPrefix010_11.s1 ptaPrefix010_12.s1 ptaPrefix010_13.s1 ptaPrefix010_14.s1 ptaPrefix010_15.s1 ptaPrefix010_16.s1 ptaPrefix010_17.s1 ptaPrefix010_18.s1 ptaPrefix010_19.s1 ptaPrefix010_20.s1 ptaPrefix010_21.s1 ptaPrefix010_22.s1 ptaPrefix010_23.s1 ptaPrefix010_24.s1 ptaPrefix010_25.s1 ptaPrefix010_26.s1 ptaPrefix010_27.s1 ptaWait_n010_28.s1 ptaNamedP011_9.s1 pSyncTA.SyncPoint "/><location_vector id="LocVec11" locations="pEnv.taEnv ptaPrefix0_0.s1 ptaPrefix0_1.s1 ptaPrefix0_2.s1 ptaPrefix0_3.s1 ptaPrefix0_4.s5 ptaExtCho0_5.s1 ptaNamedP00_6.s1 ptaSequen017.s1 ptaPrefix010_8.s1 ptaPrefix010_9.s1 ptaPrefix010_10.s1 ptaPrefix010_11.s1 ptaPrefix010_12.s1 ptaPrefix010_13.s1 ptaPrefix010_14.s1 ptaPrefix010_15.s1 ptaPrefix010_16.s1 ptaPrefix010_17.s1 ptaPrefix010_18.s1 ptaPrefix010_19.s1 ptaPrefix010_20.s1 ptaPrefix010_21.s1 ptaPrefix010_22.s1 ptaPrefix010_23.s1 ptaPrefix010_24.s1 ptaPrefix010_25.s1 ptaPrefix010_26.s1 ptaPrefix010_27.s1 ptaWait_n010_28.s1 ptaNamedP011_9.s1 pSyncTA.SyncPoint "/><location_vector id="LocVec3" locations="pEnv.taEnv ptaPrefix0_0.s5 ptaPrefix0_1.s1 ptaPrefix0_2.s1 ptaPrefix0_3.s1 ptaPrefix0_4.s1 ptaExtCho0_5.s1 ptaNamedP00_6.s1 ptaSequen017.s1 ptaPrefix010_8.s1 ptaPrefix010_9.s1 ptaPrefix010_10.s1 ptaPrefix010_11.s1 ptaPrefix010_12.s1 ptaPrefix010_13.s1 ptaPrefix010_14.s1 ptaPrefix010_15.s1 ptaPrefix010_16.s1 ptaPrefix010_17.s1 ptaPrefix010_18.s1 ptaPrefix010_19.s1 ptaPrefix010_20.s1 ptaPrefix010_21.s1 ptaPrefix010_22.s1 ptaPrefix010_23.s1 ptaPrefix010_24.s1 ptaPrefix010_25.s1 ptaPrefix010_26.s1 ptaPrefix010_27.s1 ptaWait_n010_28.s1 ptaNamedP011_9.s1 pSyncTA.SyncPoint "/><location_vector id="LocVec9" locations="pEnv.taEnv ptaPrefix0_0.s1 ptaPrefix0_1.s1 ptaPrefix0_2.s1 ptaPrefix0_3.s5 ptaPrefix0_4.s1 ptaExtCho0_5.s1 ptaNamedP00_6.s1 ptaSequen017.s1 ptaPrefix010_8.s1 ptaPrefix010_9.s1 ptaPrefix010_10.s1 ptaPrefix010_11.s1 ptaPrefix010_12.s1 ptaPrefix010_13.s1 ptaPrefix010_14.s1 ptaPrefix010_15.s1 ptaPrefix010_16.s1 ptaPrefix010_17.s1 ptaPrefix010_18.s1 ptaPrefix010_19.s1 ptaPrefix010_20.s1 ptaPrefix010_21.s1 ptaPrefix010_22.s1 ptaPrefix010_23.s1 ptaPrefix010_24.s1 ptaPrefix010_25.s1 ptaPrefix010_26.s1 ptaPrefix010_27.s1 ptaWait_n010_28.s1 ptaNamedP011_9.s1 pSyncTA.SyncPoint "/><location_vector id="LocVec8" locations="pEnv.taEnv ptaPrefix0_0.s1 ptaPrefix0_1.s1 ptaPrefix0_2.s1 ptaPrefix0_3.s2 ptaPrefix0_4.s1 ptaExtCho0_5.s1 ptaNamedP00_6.s1 ptaSequen017.s1 ptaPrefix010_8.s1 ptaPrefix010_9.s1 ptaPrefix010_10.s1 ptaPrefix010_11.s1 ptaPrefix010_12.s1 ptaPrefix010_13.s1 ptaPrefix010_14.s1 ptaPrefix010_15.s1 ptaPrefix010_16.s1 ptaPrefix010_17.s1 ptaPrefix010_18.s1 ptaPrefix010_19.s1 ptaPrefix010_20.s1 ptaPrefix010_21.s1 ptaPrefix010_22.s1 ptaPrefix010_23.s1 ptaPrefix010_24.s1 ptaPrefix010_25.s1 ptaPrefix010_26.s1 ptaPrefix010_27.s1 ptaWait_n010_28.s1 ptaNamedP011_9.s1 pSyncTA.SyncPoint "/><variable_vector id="varvec.2"><variable_state variable="sys.ep_0_0" value="0"/><variable_state variable="sys.ep_0_1" value="0"/><variable_state variable="sys.ep_0_2" value="0"/><variable_state variable="sys.ep_0_3" value="0"/><variable_state variable="sys.ep_0_4" value="0"/><variable_state variable="sys.ep_0_5" value="0"/><variable_state variable="sys.ep_00_6" value="0"/><variable_state variable="sys.ep_017" value="0"/><variable_state variable="sys.ep_010_8" value="0"/><variable_state variable="sys.ep_010_9" value="0"/><variable_state variable="sys.ep_010_10" value="0"/><variable_state variable="sys.ep_010_11" value="0"/><variable_state variable="sys.ep_010_12" value="0"/><variable_state variable="sys.ep_010_13" value="0"/><variable_state variable="sys.ep_010_14" value="0"/><variable_state variable="sys.ep_010_15" value="0"/><variable_state variable="sys.ep_010_16" value="0"/><variable_state variable="sys.ep_010_17" value="0"/><variable_state variable="sys.ep_010_18" value="0"/><variable_state variable="sys.ep_010_19" value="0"/><variable_state variable="sys.ep_010_20" value="0"/><variable_state variable="sys.ep_010_21" value="0"/><variable_state variable="sys.ep_010_22" value="0"/><variable_state variable="sys.ep_010_23" value="0"/><variable_state variable="sys.ep_010_24" value="0"/><variable_state variable="sys.ep_010_25" value="0"/><variable_state variable="sys.ep_010_26" value="0"/><variable_state variable="sys.ep_010_27" value="0"/><variable_state variable="sys.ep_010_28" value="0"/><variable_state variable="sys.ep_011_9" value="0"/><variable_state variable="sys.ep_FID0" value="0"/><variable_state variable="sys.ep_acceptTicket_sync" value="0"/><variable_state variable="sys.ep_dispenseTicket_sync" value="0"/><variable_state variable="sys.ep_tock_sync" value="0"/><variable_state variable="sys.ep_raiseBarrier_sync" value="0"/><variable_state variable="sys.acceptTicket_intrpt_guard" value="0"/><variable_state variable="sys.dispenseTicket_intrpt_guard" value="0"/><variable_state variable="sys.tock_intrpt_guard" value="0"/><variable_state variable="sys.raiseBarrier_intrpt_guard" value="0"/><variable_state variable="sys.d0_0" value="0"/><variable_state variable="sys.d0_1" value="0"/><variable_state variable="sys.d0_2" value="0"/><variable_state variable="sys.d0_3" value="0"/><variable_state variable="sys.d0_4" value="0"/><variable_state variable="sys.d0_5" value="0"/><variable_state variable="sys.d00_6" value="0"/><variable_state variable="sys.d017" value="0"/><variable_state variable="sys.d010_8" value="0"/><variable_state variable="sys.d010_9" value="0"/><variable_state variable="sys.d010_10" value="0"/><variable_state variable="sys.d010_11" value="0"/><variable_state variable="sys.d010_12" value="0"/><variable_state variable="sys.d010_13" value="0"/><variable_state variable="sys.d010_14" value="0"/><variable_state variable="sys.d010_15" value="0"/><variable_state variable="sys.d010_16" value="0"/><variable_state variable="sys.d010_17" value="0"/><variable_state variable="sys.d010_18" value="0"/><variable_state variable="sys.d010_19" value="0"/><variable_state variable="sys.d010_20" value="0"/><variable_state variable="sys.d010_21" value="0"/><variable_state variable="sys.d010_22" value="0"/><variable_state variable="sys.d010_23" value="0"/><variable_state variable="sys.d010_24" value="0"/><variable_state variable="sys.d010_25" value="0"/><variable_state variable="sys.d010_26" value="0"/><variable_state variable="sys.d010_27" value="0"/><variable_state variable="sys.d010_28" value="0"/><variable_state variable="sys.d011_9" value="0"/><variable_state variable="sys.ready_c" value="0"/><variable_state variable="sys.gIntrpt" value="0"/><variable_state variable="sys.guard_c" value="1"/><variable_state variable="sys.start" value="1"/><variable_state variable="sys.dp" value="0"/><variable_state variable="sys.tdeadline" value="0"/><variable_state variable="sys.acceptTicket_exch_ready" value="0"/><variable_state variable="sys.dispenseTicket_exch_ready" value="0"/><variable_state variable="sys.tock_exch_ready" value="0"/><variable_state variable="sys.raiseBarrier_exch_ready" value="0"/><variable_state variable="sys.itau_exch_ready" value="0"/><variable_state variable="sys.__reach__" value="0"/><variable_state variable="sys.__single__" value="0"/></variable_vector><variable_vector id="varvec.7"><variable_state variable="sys.ep_0_0" value="1"/><variable_state variable="sys.ep_0_1" value="1"/><variable_state variable="sys.ep_0_2" value="1"/><variable_state variable="sys.ep_0_3" value="1"/><variable_state variable="sys.ep_0_4" value="1"/><variable_state variable="sys.ep_0_5" value="0"/><variable_state variable="sys.ep_00_6" value="0"/><variable_state variable="sys.ep_017" value="0"/><variable_state variable="sys.ep_010_8" value="0"/><variable_state variable="sys.ep_010_9" value="0"/><variable_state variable="sys.ep_010_10" value="0"/><variable_state variable="sys.ep_010_11" value="0"/><variable_state variable="sys.ep_010_12" value="0"/><variable_state variable="sys.ep_010_13" value="0"/><variable_state variable="sys.ep_010_14" value="0"/><variable_state variable="sys.ep_010_15" value="0"/><variable_state variable="sys.ep_010_16" value="0"/><variable_state variable="sys.ep_010_17" value="0"/><variable_state variable="sys.ep_010_18" value="0"/><variable_state variable="sys.ep_010_19" value="0"/><variable_state variable="sys.ep_010_20" value="0"/><variable_state variable="sys.ep_010_21" value="0"/><variable_state variable="sys.ep_010_22" value="0"/><variable_state variable="sys.ep_010_23" value="0"/><variable_state variable="sys.ep_010_24" value="0"/><variable_state variable="sys.ep_010_25" value="0"/><variable_state variable="sys.ep_010_26" value="0"/><variable_state variable="sys.ep_010_27" value="0"/><variable_state variable="sys.ep_010_28" value="0"/><variable_state variable="sys.ep_011_9" value="0"/><variable_state variable="sys.ep_FID0" value="0"/><variable_state variable="sys.ep_acceptTicket_sync" value="0"/><variable_state variable="sys.ep_dispenseTicket_sync" value="0"/><variable_state variable="sys.ep_tock_sync" value="0"/><variable_state variable="sys.ep_raiseBarrier_sync" value="0"/><variable_state variable="sys.acceptTicket_intrpt_guard" value="0"/><variable_state variable="sys.dispenseTicket_intrpt_guard" value="0"/><variable_state variable="sys.tock_intrpt_guard" value="0"/><variable_state variable="sys.raiseBarrier_intrpt_guard" value="0"/><variable_state variable="sys.d0_0" value="0"/><variable_state variable="sys.d0_1" value="0"/><variable_state variable="sys.d0_2" value="0"/><variable_state variable="sys.d0_3" value="0"/><variable_state variable="sys.d0_4" value="0"/><variable_state variable="sys.d0_5" value="0"/><variable_state variable="sys.d00_6" value="0"/><variable_state variable="sys.d017" value="0"/><variable_state variable="sys.d010_8" value="0"/><variable_state variable="sys.d010_9" value="0"/><variable_state variable="sys.d010_10" value="0"/><variable_state variable="sys.d010_11" value="0"/><variable_state variable="sys.d010_12" value="0"/><variable_state variable="sys.d010_13" value="0"/><variable_state variable="sys.d010_14" value="0"/><variable_state variable="sys.d010_15" value="0"/><variable_state variable="sys.d010_16" value="0"/><variable_state variable="sys.d010_17" value="0"/><variable_state variable="sys.d010_18" value="0"/><variable_state variable="sys.d010_19" value="0"/><variable_state variable="sys.d010_20" value="0"/><variable_state variable="sys.d010_21" value="0"/><variable_state variable="sys.d010_22" value="0"/><variable_state variable="sys.d010_23" value="0"/><variable_state variable="sys.d010_24" value="0"/><variable_state variable="sys.d010_25" value="0"/><variable_state variable="sys.d010_26" value="0"/><variable_state variable="sys.d010_27" value="0"/><variable_state variable="sys.d010_28" value="0"/><variable_state variable="sys.d011_9" value="0"/><variable_state variable="sys.ready_c" value="0"/><variable_state variable="sys.gIntrpt" value="0"/><variable_state variable="sys.guard_c" value="1"/><variable_state variable="sys.start" value="1"/><variable_state variable="sys.dp" value="5"/><variable_state variable="sys.tdeadline" value="0"/><variable_state variable="sys.acceptTicket_exch_ready" value="0"/><variable_state variable="sys.dispenseTicket_exch_ready" value="0"/><variable_state variable="sys.tock_exch_ready" value="0"/><variable_state variable="sys.raiseBarrier_exch_ready" value="0"/><variable_state variable="sys.itau_exch_ready" value="0"/><variable_state variable="sys.__reach__" value="0"/><variable_state variable="sys.__single__" value="0"/></variable_vector><variable_vector id="varvec.4"><variable_state variable="sys.ep_0_0" value="1"/><variable_state variable="sys.ep_0_1" value="1"/><variable_state variable="sys.ep_0_2" value="0"/><variable_state variable="sys.ep_0_3" value="0"/><variable_state variable="sys.ep_0_4" value="0"/><variable_state variable="sys.ep_0_5" value="0"/><variable_state variable="sys.ep_00_6" value="0"/><variable_state variable="sys.ep_017" value="0"/><variable_state variable="sys.ep_010_8" value="0"/><variable_state variable="sys.ep_010_9" value="0"/><variable_state variable="sys.ep_010_10" value="0"/><variable_state variable="sys.ep_010_11" value="0"/><variable_state variable="sys.ep_010_12" value="0"/><variable_state variable="sys.ep_010_13" value="0"/><variable_state variable="sys.ep_010_14" value="0"/><variable_state variable="sys.ep_010_15" value="0"/><variable_state variable="sys.ep_010_16" value="0"/><variable_state variable="sys.ep_010_17" value="0"/><variable_state variable="sys.ep_010_18" value="0"/><variable_state variable="sys.ep_010_19" value="0"/><variable_state variable="sys.ep_010_20" value="0"/><variable_state variable="sys.ep_010_21" value="0"/><variable_state variable="sys.ep_010_22" value="0"/><variable_state variable="sys.ep_010_23" value="0"/><variable_state variable="sys.ep_010_24" value="0"/><variable_state variable="sys.ep_010_25" value="0"/><variable_state variable="sys.ep_010_26" value="0"/><variable_state variable="sys.ep_010_27" value="0"/><variable_state variable="sys.ep_010_28" value="0"/><variable_state variable="sys.ep_011_9" value="0"/><variable_state variable="sys.ep_FID0" value="0"/><variable_state variable="sys.ep_acceptTicket_sync" value="0"/><variable_state variable="sys.ep_dispenseTicket_sync" value="0"/><variable_state variable="sys.ep_tock_sync" value="0"/><variable_state variable="sys.ep_raiseBarrier_sync" value="0"/><variable_state variable="sys.acceptTicket_intrpt_guard" value="0"/><variable_state variable="sys.dispenseTicket_intrpt_guard" value="0"/><variable_state variable="sys.tock_intrpt_guard" value="0"/><variable_state variable="sys.raiseBarrier_intrpt_guard" value="0"/><variable_state variable="sys.d0_0" value="0"/><variable_state variable="sys.d0_1" value="0"/><variable_state variable="sys.d0_2" value="0"/><variable_state variable="sys.d0_3" value="0"/><variable_state variable="sys.d0_4" value="0"/><variable_state variable="sys.d0_5" value="0"/><variable_state variable="sys.d00_6" value="0"/><variable_state variable="sys.d017" value="0"/><variable_state variable="sys.d010_8" value="0"/><variable_state variable="sys.d010_9" value="0"/><variable_state variable="sys.d010_10" value="0"/><variable_state variable="sys.d010_11" value="0"/><variable_state variable="sys.d010_12" value="0"/><variable_state variable="sys.d010_13" value="0"/><variable_state variable="sys.d010_14" value="0"/><variable_state variable="sys.d010_15" value="0"/><variable_state variable="sys.d010_16" value="0"/><variable_state variable="sys.d010_17" value="0"/><variable_state variable="sys.d010_18" value="0"/><variable_state variable="sys.d010_19" value="0"/><variable_state variable="sys.d010_20" value="0"/><variable_state variable="sys.d010_21" value="0"/><variable_state variable="sys.d010_22" value="0"/><variable_state variable="sys.d010_23" value="0"/><variable_state variable="sys.d010_24" value="0"/><variable_state variable="sys.d010_25" value="0"/><variable_state variable="sys.d010_26" value="0"/><variable_state variable="sys.d010_27" value="0"/><variable_state variable="sys.d010_28" value="0"/><variable_state variable="sys.d011_9" value="0"/><variable_state variable="sys.ready_c" value="0"/><variable_state variable="sys.gIntrpt" value="0"/><variable_state variable="sys.guard_c" value="1"/><variable_state variable="sys.start" value="1"/><variable_state variable="sys.dp" value="2"/><variable_state variable="sys.tdeadline" value="0"/><variable_state variable="sys.acceptTicket_exch_ready" value="0"/><variable_state variable="sys.dispenseTicket_exch_ready" value="0"/><variable_state variable="sys.tock_exch_ready" value="0"/><variable_state variable="sys.raiseBarrier_exch_ready" value="0"/><variable_state variable="sys.itau_exch_ready" value="0"/><variable_state variable="sys.__reach__" value="0"/><variable_state variable="sys.__single__" value="0"/></variable_vector><variable_vector id="varvec.6"><variable_state variable="sys.ep_0_0" value="1"/><variable_state variable="sys.ep_0_1" value="1"/><variable_state variable="sys.ep_0_2" value="1"/><variable_state variable="sys.ep_0_3" value="1"/><variable_state variable="sys.ep_0_4" value="0"/><variable_state variable="sys.ep_0_5" value="0"/><variable_state variable="sys.ep_00_6" value="0"/><variable_state variable="sys.ep_017" value="0"/><variable_state variable="sys.ep_010_8" value="0"/><variable_state variable="sys.ep_010_9" value="0"/><variable_state variable="sys.ep_010_10" value="0"/><variable_state variable="sys.ep_010_11" value="0"/><variable_state variable="sys.ep_010_12" value="0"/><variable_state variable="sys.ep_010_13" value="0"/><variable_state variable="sys.ep_010_14" value="0"/><variable_state variable="sys.ep_010_15" value="0"/><variable_state variable="sys.ep_010_16" value="0"/><variable_state variable="sys.ep_010_17" value="0"/><variable_state variable="sys.ep_010_18" value="0"/><variable_state variable="sys.ep_010_19" value="0"/><variable_state variable="sys.ep_010_20" value="0"/><variable_state variable="sys.ep_010_21" value="0"/><variable_state variable="sys.ep_010_22" value="0"/><variable_state variable="sys.ep_010_23" value="0"/><variable_state variable="sys.ep_010_24" value="0"/><variable_state variable="sys.ep_010_25" value="0"/><variable_state variable="sys.ep_010_26" value="0"/><variable_state variable="sys.ep_010_27" value="0"/><variable_state variable="sys.ep_010_28" value="0"/><variable_state variable="sys.ep_011_9" value="0"/><variable_state variable="sys.ep_FID0" value="0"/><variable_state variable="sys.ep_acceptTicket_sync" value="0"/><variable_state variable="sys.ep_dispenseTicket_sync" value="0"/><variable_state variable="sys.ep_tock_sync" value="0"/><variable_state variable="sys.ep_raiseBarrier_sync" value="0"/><variable_state variable="sys.acceptTicket_intrpt_guard" value="0"/><variable_state variable="sys.dispenseTicket_intrpt_guard" value="0"/><variable_state variable="sys.tock_intrpt_guard" value="0"/><variable_state variable="sys.raiseBarrier_intrpt_guard" value="0"/><variable_state variable="sys.d0_0" value="0"/><variable_state variable="sys.d0_1" value="0"/><variable_state variable="sys.d0_2" value="0"/><variable_state variable="sys.d0_3" value="0"/><variable_state variable="sys.d0_4" value="0"/><variable_state variable="sys.d0_5" value="0"/><variable_state variable="sys.d00_6" value="0"/><variable_state variable="sys.d017" value="0"/><variable_state variable="sys.d010_8" value="0"/><variable_state variable="sys.d010_9" value="0"/><variable_state variable="sys.d010_10" value="0"/><variable_state variable="sys.d010_11" value="0"/><variable_state variable="sys.d010_12" value="0"/><variable_state variable="sys.d010_13" value="0"/><variable_state variable="sys.d010_14" value="0"/><variable_state variable="sys.d010_15" value="0"/><variable_state variable="sys.d010_16" value="0"/><variable_state variable="sys.d010_17" value="0"/><variable_state variable="sys.d010_18" value="0"/><variable_state variable="sys.d010_19" value="0"/><variable_state variable="sys.d010_20" value="0"/><variable_state variable="sys.d010_21" value="0"/><variable_state variable="sys.d010_22" value="0"/><variable_state variable="sys.d010_23" value="0"/><variable_state variable="sys.d010_24" value="0"/><variable_state variable="sys.d010_25" value="0"/><variable_state variable="sys.d010_26" value="0"/><variable_state variable="sys.d010_27" value="0"/><variable_state variable="sys.d010_28" value="0"/><variable_state variable="sys.d011_9" value="0"/><variable_state variable="sys.ready_c" value="0"/><variable_state variable="sys.gIntrpt" value="0"/><variable_state variable="sys.guard_c" value="1"/><variable_state variable="sys.start" value="1"/><variable_state variable="sys.dp" value="4"/><variable_state variable="sys.tdeadline" value="0"/><variable_state variable="sys.acceptTicket_exch_ready" value="0"/><variable_state variable="sys.dispenseTicket_exch_ready" value="0"/><variable_state variable="sys.tock_exch_ready" value="0"/><variable_state variable="sys.raiseBarrier_exch_ready" value="0"/><variable_state variable="sys.itau_exch_ready" value="0"/><variable_state variable="sys.__reach__" value="0"/><variable_state variable="sys.__single__" value="0"/></variable_vector><variable_vector id="varvec.5"><variable_state variable="sys.ep_0_0" value="1"/><variable_state variable="sys.ep_0_1" value="1"/><variable_state variable="sys.ep_0_2" value="1"/><variable_state variable="sys.ep_0_3" value="0"/><variable_state variable="sys.ep_0_4" value="0"/><variable_state variable="sys.ep_0_5" value="0"/><variable_state variable="sys.ep_00_6" value="0"/><variable_state variable="sys.ep_017" value="0"/><variable_state variable="sys.ep_010_8" value="0"/><variable_state variable="sys.ep_010_9" value="0"/><variable_state variable="sys.ep_010_10" value="0"/><variable_state variable="sys.ep_010_11" value="0"/><variable_state variable="sys.ep_010_12" value="0"/><variable_state variable="sys.ep_010_13" value="0"/><variable_state variable="sys.ep_010_14" value="0"/><variable_state variable="sys.ep_010_15" value="0"/><variable_state variable="sys.ep_010_16" value="0"/><variable_state variable="sys.ep_010_17" value="0"/><variable_state variable="sys.ep_010_18" value="0"/><variable_state variable="sys.ep_010_19" value="0"/><variable_state variable="sys.ep_010_20" value="0"/><variable_state variable="sys.ep_010_21" value="0"/><variable_state variable="sys.ep_010_22" value="0"/><variable_state variable="sys.ep_010_23" value="0"/><variable_state variable="sys.ep_010_24" value="0"/><variable_state variable="sys.ep_010_25" value="0"/><variable_state variable="sys.ep_010_26" value="0"/><variable_state variable="sys.ep_010_27" value="0"/><variable_state variable="sys.ep_010_28" value="0"/><variable_state variable="sys.ep_011_9" value="0"/><variable_state variable="sys.ep_FID0" value="0"/><variable_state variable="sys.ep_acceptTicket_sync" value="0"/><variable_state variable="sys.ep_dispenseTicket_sync" value="0"/><variable_state variable="sys.ep_tock_sync" value="0"/><variable_state variable="sys.ep_raiseBarrier_sync" value="0"/><variable_state variable="sys.acceptTicket_intrpt_guard" value="0"/><variable_state variable="sys.dispenseTicket_intrpt_guard" value="0"/><variable_state variable="sys.tock_intrpt_guard" value="0"/><variable_state variable="sys.raiseBarrier_intrpt_guard" value="0"/><variable_state variable="sys.d0_0" value="0"/><variable_state variable="sys.d0_1" value="0"/><variable_state variable="sys.d0_2" value="0"/><variable_state variable="sys.d0_3" value="0"/><variable_state variable="sys.d0_4" value="0"/><variable_state variable="sys.d0_5" value="0"/><variable_state variable="sys.d00_6" value="0"/><variable_state variable="sys.d017" value="0"/><variable_state variable="sys.d010_8" value="0"/><variable_state variable="sys.d010_9" value="0"/><variable_state variable="sys.d010_10" value="0"/><variable_state variable="sys.d010_11" value="0"/><variable_state variable="sys.d010_12" value="0"/><variable_state variable="sys.d010_13" value="0"/><variable_state variable="sys.d010_14" value="0"/><variable_state variable="sys.d010_15" value="0"/><variable_state variable="sys.d010_16" value="0"/><variable_state variable="sys.d010_17" value="0"/><variable_state variable="sys.d010_18" value="0"/><variable_state variable="sys.d010_19" value="0"/><variable_state variable="sys.d010_20" value="0"/><variable_state variable="sys.d010_21" value="0"/><variable_state variable="sys.d010_22" value="0"/><variable_state variable="sys.d010_23" value="0"/><variable_state variable="sys.d010_24" value="0"/><variable_state variable="sys.d010_25" value="0"/><variable_state variable="sys.d010_26" value="0"/><variable_state variable="sys.d010_27" value="0"/><variable_state variable="sys.d010_28" value="0"/><variable_state variable="sys.d011_9" value="0"/><variable_state variable="sys.ready_c" value="0"/><variable_state variable="sys.gIntrpt" value="0"/><variable_state variable="sys.guard_c" value="1"/><variable_state variable="sys.start" value="1"/><variable_state variable="sys.dp" value="3"/><variable_state variable="sys.tdeadline" value="0"/><variable_state variable="sys.acceptTicket_exch_ready" value="0"/><variable_state variable="sys.dispenseTicket_exch_ready" value="0"/><variable_state variable="sys.tock_exch_ready" value="0"/><variable_state variable="sys.raiseBarrier_exch_ready" value="0"/><variable_state variable="sys.itau_exch_ready" value="0"/><variable_state variable="sys.__reach__" value="0"/><variable_state variable="sys.__single__" value="0"/></variable_vector><variable_vector id="varvec.3"><variable_state variable="sys.ep_0_0" value="1"/><variable_state variable="sys.ep_0_1" value="0"/><variable_state variable="sys.ep_0_2" value="0"/><variable_state variable="sys.ep_0_3" value="0"/><variable_state variable="sys.ep_0_4" value="0"/><variable_state variable="sys.ep_0_5" value="0"/><variable_state variable="sys.ep_00_6" value="0"/><variable_state variable="sys.ep_017" value="0"/><variable_state variable="sys.ep_010_8" value="0"/><variable_state variable="sys.ep_010_9" value="0"/><variable_state variable="sys.ep_010_10" value="0"/><variable_state variable="sys.ep_010_11" value="0"/><variable_state variable="sys.ep_010_12" value="0"/><variable_state variable="sys.ep_010_13" value="0"/><variable_state variable="sys.ep_010_14" value="0"/><variable_state variable="sys.ep_010_15" value="0"/><variable_state variable="sys.ep_010_16" value="0"/><variable_state variable="sys.ep_010_17" value="0"/><variable_state variable="sys.ep_010_18" value="0"/><variable_state variable="sys.ep_010_19" value="0"/><variable_state variable="sys.ep_010_20" value="0"/><variable_state variable="sys.ep_010_21" value="0"/><variable_state variable="sys.ep_010_22" value="0"/><variable_state variable="sys.ep_010_23" value="0"/><variable_state variable="sys.ep_010_24" value="0"/><variable_state variable="sys.ep_010_25" value="0"/><variable_state variable="sys.ep_010_26" value="0"/><variable_state variable="sys.ep_010_27" value="0"/><variable_state variable="sys.ep_010_28" value="0"/><variable_state variable="sys.ep_011_9" value="0"/><variable_state variable="sys.ep_FID0" value="0"/><variable_state variable="sys.ep_acceptTicket_sync" value="0"/><variable_state variable="sys.ep_dispenseTicket_sync" value="0"/><variable_state variable="sys.ep_tock_sync" value="0"/><variable_state variable="sys.ep_raiseBarrier_sync" value="0"/><variable_state variable="sys.acceptTicket_intrpt_guard" value="0"/><variable_state variable="sys.dispenseTicket_intrpt_guard" value="0"/><variable_state variable="sys.tock_intrpt_guard" value="0"/><variable_state variable="sys.raiseBarrier_intrpt_guard" value="0"/><variable_state variable="sys.d0_0" value="0"/><variable_state variable="sys.d0_1" value="0"/><variable_state variable="sys.d0_2" value="0"/><variable_state variable="sys.d0_3" value="0"/><variable_state variable="sys.d0_4" value="0"/><variable_state variable="sys.d0_5" value="0"/><variable_state variable="sys.d00_6" value="0"/><variable_state variable="sys.d017" value="0"/><variable_state variable="sys.d010_8" value="0"/><variable_state variable="sys.d010_9" value="0"/><variable_state variable="sys.d010_10" value="0"/><variable_state variable="sys.d010_11" value="0"/><variable_state variable="sys.d010_12" value="0"/><variable_state variable="sys.d010_13" value="0"/><variable_state variable="sys.d010_14" value="0"/><variable_state variable="sys.d010_15" value="0"/><variable_state variable="sys.d010_16" value="0"/><variable_state variable="sys.d010_17" value="0"/><variable_state variable="sys.d010_18" value="0"/><variable_state variable="sys.d010_19" value="0"/><variable_state variable="sys.d010_20" value="0"/><variable_state variable="sys.d010_21" value="0"/><variable_state variable="sys.d010_22" value="0"/><variable_state variable="sys.d010_23" value="0"/><variable_state variable="sys.d010_24" value="0"/><variable_state variable="sys.d010_25" value="0"/><variable_state variable="sys.d010_26" value="0"/><variable_state variable="sys.d010_27" value="0"/><variable_state variable="sys.d010_28" value="0"/><variable_state variable="sys.d011_9" value="0"/><variable_state variable="sys.ready_c" value="0"/><variable_state variable="sys.gIntrpt" value="0"/><variable_state variable="sys.guard_c" value="1"/><variable_state variable="sys.start" value="1"/><variable_state variable="sys.dp" value="1"/><variable_state variable="sys.tdeadline" value="0"/><variable_state variable="sys.acceptTicket_exch_ready" value="0"/><variable_state variable="sys.dispenseTicket_exch_ready" value="0"/><variable_state variable="sys.tock_exch_ready" value="0"/><variable_state variable="sys.raiseBarrier_exch_ready" value="0"/><variable_state variable="sys.itau_exch_ready" value="0"/><variable_state variable="sys.__reach__" value="0"/><variable_state variable="sys.__single__" value="0"/></variable_vector><variable_vector id="varvec.1"><variable_state variable="sys.ep_0_0" value="0"/><variable_state variable="sys.ep_0_1" value="0"/><variable_state variable="sys.ep_0_2" value="0"/><variable_state variable="sys.ep_0_3" value="0"/><variable_state variable="sys.ep_0_4" value="0"/><variable_state variable="sys.ep_0_5" value="0"/><variable_state variable="sys.ep_00_6" value="0"/><variable_state variable="sys.ep_017" value="0"/><variable_state variable="sys.ep_010_8" value="0"/><variable_state variable="sys.ep_010_9" value="0"/><variable_state variable="sys.ep_010_10" value="0"/><variable_state variable="sys.ep_010_11" value="0"/><variable_state variable="sys.ep_010_12" value="0"/><variable_state variable="sys.ep_010_13" value="0"/><variable_state variable="sys.ep_010_14" value="0"/><variable_state variable="sys.ep_010_15" value="0"/><variable_state variable="sys.ep_010_16" value="0"/><variable_state variable="sys.ep_010_17" value="0"/><variable_state variable="sys.ep_010_18" value="0"/><variable_state variable="sys.ep_010_19" value="0"/><variable_state variable="sys.ep_010_20" value="0"/><variable_state variable="sys.ep_010_21" value="0"/><variable_state variable="sys.ep_010_22" value="0"/><variable_state variable="sys.ep_010_23" value="0"/><variable_state variable="sys.ep_010_24" value="0"/><variable_state variable="sys.ep_010_25" value="0"/><variable_state variable="sys.ep_010_26" value="0"/><variable_state variable="sys.ep_010_27" value="0"/><variable_state variable="sys.ep_010_28" value="0"/><variable_state variable="sys.ep_011_9" value="0"/><variable_state variable="sys.ep_FID0" value="0"/><variable_state variable="sys.ep_acceptTicket_sync" value="0"/><variable_state variable="sys.ep_dispenseTicket_sync" value="0"/><variable_state variable="sys.ep_tock_sync" value="0"/><variable_state variable="sys.ep_raiseBarrier_sync" value="0"/><variable_state variable="sys.acceptTicket_intrpt_guard" value="0"/><variable_state variable="sys.dispenseTicket_intrpt_guard" value="0"/><variable_state variable="sys.tock_intrpt_guard" value="0"/><variable_state variable="sys.raiseBarrier_intrpt_guard" value="0"/><variable_state variable="sys.d0_0" value="0"/><variable_state variable="sys.d0_1" value="0"/><variable_state variable="sys.d0_2" value="0"/><variable_state variable="sys.d0_3" value="0"/><variable_state variable="sys.d0_4" value="0"/><variable_state variable="sys.d0_5" value="0"/><variable_state variable="sys.d00_6" value="0"/><variable_state variable="sys.d017" value="0"/><variable_state variable="sys.d010_8" value="0"/><variable_state variable="sys.d010_9" value="0"/><variable_state variable="sys.d010_10" value="0"/><variable_state variable="sys.d010_11" value="0"/><variable_state variable="sys.d010_12" value="0"/><variable_state variable="sys.d010_13" value="0"/><variable_state variable="sys.d010_14" value="0"/><variable_state variable="sys.d010_15" value="0"/><variable_state variable="sys.d010_16" value="0"/><variable_state variable="sys.d010_17" value="0"/><variable_state variable="sys.d010_18" value="0"/><variable_state variable="sys.d010_19" value="0"/><variable_state variable="sys.d010_20" value="0"/><variable_state variable="sys.d010_21" value="0"/><variable_state variable="sys.d010_22" value="0"/><variable_state variable="sys.d010_23" value="0"/><variable_state variable="sys.d010_24" value="0"/><variable_state variable="sys.d010_25" value="0"/><variable_state variable="sys.d010_26" value="0"/><variable_state variable="sys.d010_27" value="0"/><variable_state variable="sys.d010_28" value="0"/><variable_state variable="sys.d011_9" value="0"/><variable_state variable="sys.ready_c" value="0"/><variable_state variable="sys.gIntrpt" value="0"/><variable_state variable="sys.guard_c" value="1"/><variable_state variable="sys.start" value="0"/><variable_state variable="sys.dp" value="0"/><variable_state variable="sys.tdeadline" value="0"/><variable_state variable="sys.acceptTicket_exch_ready" value="0"/><variable_state variable="sys.dispenseTicket_exch_ready" value="0"/><variable_state variable="sys.tock_exch_ready" value="0"/><variable_state variable="sys.raiseBarrier_exch_ready" value="0"/><variable_state variable="sys.itau_exch_ready" value="0"/><variable_state variable="sys.__reach__" value="0"/><variable_state variable="sys.__single__" value="0"/></variable_vector><node id="State5" location_vector="LocVec5" dbm_instance="DBM1 " variable_vector="varvec.4"/><node id="State1" location_vector="LocVec1" dbm_instance="DBM1 " variable_vector="varvec.1"/><node id="State15" location_vector="LocVec15" dbm_instance="DBM1 " variable_vector="varvec.7"/><node id="State14" location_vector="LocVec14" dbm_instance="DBM1 " variable_vector="varvec.7"/><node id="State13" location_vector="LocVec13" dbm_instance="DBM1 " variable_vector="varvec.7"/><node id="State11" location_vector="LocVec11" dbm_instance="DBM1 " variable_vector="varvec.7"/><node id="State7" location_vector="LocVec7" dbm_instance="DBM1 " variable_vector="varvec.5"/><node id="State2" location_vector="LocVec2" dbm_instance="DBM1 " variable_vector="varvec.2"/><node id="State8" location_vector="LocVec8" dbm_instance="DBM1 " variable_vector="varvec.5"/><node id="State3" location_vector="LocVec3" dbm_instance="DBM1 " variable_vector="varvec.3"/><node id="State10" location_vector="LocVec10" dbm_instance="DBM1 " variable_vector="varvec.6"/><node id="State4" location_vector="LocVec4" dbm_instance="DBM1 " variable_vector="varvec.3"/><node id="State6" location_vector="LocVec6" dbm_instance="DBM1 " variable_vector="varvec.4"/><node id="State9" location_vector="LocVec9" dbm_instance="DBM1 " variable_vector="varvec.6"/><node id="State12" location_vector="LocVec12" dbm_instance="DBM1 " variable_vector="varvec.7"/><dbm_instance id="DBM1"><clockbound clock1="sys.t(0)" clock2="sys.t(0)" bound="0" comp="&lt;="/><clockbound clock1="sys.t(0)" clock2="sys.ck" bound="0" comp="&lt;="/><clockbound clock1="sys.ck" clock2="sys.t(0)" bound="inf" comp="&lt;"/><clockbound clock1="sys.ck" clock2="sys.ck" bound="0" comp="&lt;="/></dbm_instance><transition from="State1" to="State2" edges="pEnv.Edge1 ptaPrefix0_0.Edge1 "/><transition from="State2" to="State3" edges="ptaPrefix0_0.Edge2 pEnv.Edge2 "/><transition from="State3" to="State4" edges="ptaPrefix0_0.Edge3 ptaPrefix0_1.Edge1 "/><transition from="State4" to="State5" edges="ptaPrefix0_1.Edge2 pEnv.Edge3 "/><transition from="State5" to="State6" edges="ptaPrefix0_1.Edge3 ptaPrefix0_2.Edge1 "/><transition from="State6" to="State7" edges="ptaPrefix0_2.Edge2 pEnv.Edge4 "/><transition from="State7" to="State8" edges="ptaPrefix0_2.Edge3 ptaPrefix0_3.Edge1 "/><transition from="State8" to="State9" edges="ptaPrefix0_3.Edge2 pEnv.Edge4 "/><transition from="State9" to="State10" edges="ptaPrefix0_3.Edge3 ptaPrefix0_4.Edge1 "/><transition from="State10" to="State11" edges="ptaPrefix0_4.Edge2 pEnv.Edge5 "/><transition from="State11" to="State12" edges="ptaPrefix0_4.Edge3 ptaExtCho0_5.Edge1 "/><transition from="State12" to="State13" edges="ptaExtCho0_5.Edge2 ptaNamedP00_6.Edge1 "/><transition from="State13" to="State14" edges="ptaExtCho0_5.Edge3 ptaSequen017.Edge1 "/><transition from="State14" to="State15" edges="ptaSequen017.Edge2 ptaPrefix010_8.Edge1 "/></trace>