{ "copyright_notice": "FDR Version 4.2.4 copyright 2016 Oxford University Innovation Ltd. All Rights Reserved.","license_type": "Academic license for non-commercial use only","results": [{ "assertion_string": "paymentSystem :[deadlock free]","errors": [],"is_negated": 0,"result": 1,"visited_states": 7,"visited_transitions": 32,"visited_plys": 4,"counterexamples": []}],"print_statement_results": [],"file_name": "inputProcesses\/PaymentSystem\/FDR\/paymentSystem_s3\/paymentSystem_s3.csp","event_map": {},"warnings": [],"errors": []}