{ "copyright_notice": "FDR Version 4.2.4 copyright 2016 Oxford University Innovation Ltd. All Rights Reserved.","license_type": "Academic license for non-commercial use only","results": [{ "assertion_string": "System :[deadlock free]","errors": [],"is_negated": 0,"result": 1,"visited_states": 80,"visited_transitions": 361,"visited_plys": 9,"counterexamples": []}],"print_statement_results": [],"file_name": "inputProcesses\/railCrossing\/FDR\/System_s3\/System_s3.csp","event_map": {},"warnings": [],"errors": []}