<?xml version="1.0" encoding="UTF-8"?>
<trace initial_node="State1" trace_options="symbolic"><system><clock name="t(0)" id="sys.t(0)"/><clock name="ck" id="sys.ck"/><variable name="ep_0_0" id="sys.ep_0_0"/><variable name="ep_00_1" id="sys.ep_00_1"/><variable name="ep_01_2" id="sys.ep_01_2"/><variable name="ep_010_3" id="sys.ep_010_3"/><variable name="ep_011_4" id="sys.ep_011_4"/><variable name="ep_FID0" id="sys.ep_FID0"/><variable name="d0_0" id="sys.d0_0"/><variable name="d00_1" id="sys.d00_1"/><variable name="d01_2" id="sys.d01_2"/><variable name="d010_3" id="sys.d010_3"/><variable name="d011_4" id="sys.d011_4"/><variable name="ready_c" id="sys.ready_c"/><variable name="gIntrpt" id="sys.gIntrpt"/><variable name="guard_c" id="sys.guard_c"/><variable name="start" id="sys.start"/><variable name="dp" id="sys.dp"/><variable name="tdeadline" id="sys.tdeadline"/><variable name="itau_exch_ready" id="sys.itau_exch_ready"/><variable name="__reach__" id="sys.__reach__"/><variable name="__single__" id="sys.__single__"/><process id="pEnv" name="pEnv"><location id="pEnv.taEnv" name="taEnv"><![CDATA[]]></location><edge id="pEnv.Edge1" from="pEnv.taEnv" to="pEnv.taEnv"><guard>start == 0</guard><sync>startIDSystem!</sync><update>start := 1</update></edge></process><process id="ptaGenPar0_0" name="ptaGenPar0_0"><location id="ptaGenPar0_0.s1" name="s1"><![CDATA[]]></location><location id="ptaGenPar0_0.s2" name="s2"><![CDATA[]]></location><location id="ptaGenPar0_0.s4" name="s4"><![CDATA[]]></location><location id="ptaGenPar0_0.s5" name="s5"><![CDATA[]]></location><edge id="ptaGenPar0_0.Edge1" from="ptaGenPar0_0.s1" to="ptaGenPar0_0.s2"><guard>1</guard><sync>startIDSystem?</sync><update>1</update></edge><edge id="ptaGenPar0_0.Edge2" from="ptaGenPar0_0.s2" to="ptaGenPar0_0.s4"><guard>1</guard><sync>startID00_1!</sync><update>1</update></edge><edge id="ptaGenPar0_0.Edge3" from="ptaGenPar0_0.s4" to="ptaGenPar0_0.s5"><guard>1</guard><sync>startID01_2!</sync><update>1</update></edge></process><process id="ptaNamedP00_1" name="ptaNamedP00_1"><location id="ptaNamedP00_1.s1" name="s1"><![CDATA[]]></location><location id="ptaNamedP00_1.s2" name="s2"><![CDATA[]]></location><edge id="ptaNamedP00_1.Edge1" from="ptaNamedP00_1.s1" to="ptaNamedP00_1.s2"><guard>1</guard><sync>startID00_1?</sync><update>1</update></edge></process><process id="ptaGenPar01_2" name="ptaGenPar01_2"><location id="ptaGenPar01_2.s1" name="s1"><![CDATA[]]></location><location id="ptaGenPar01_2.s2" name="s2"><![CDATA[]]></location><location id="ptaGenPar01_2.s4" name="s4"><![CDATA[]]></location><location id="ptaGenPar01_2.s5" name="s5"><![CDATA[]]></location><edge id="ptaGenPar01_2.Edge1" from="ptaGenPar01_2.s1" to="ptaGenPar01_2.s2"><guard>1</guard><sync>startID01_2?</sync><update>1</update></edge><edge id="ptaGenPar01_2.Edge2" from="ptaGenPar01_2.s2" to="ptaGenPar01_2.s4"><guard>1</guard><sync>startID010_3!</sync><update>1</update></edge><edge id="ptaGenPar01_2.Edge3" from="ptaGenPar01_2.s4" to="ptaGenPar01_2.s5"><guard>1</guard><sync>startID011_4!</sync><update>1</update></edge></process><process id="ptaNamedP010_3" name="ptaNamedP010_3"><location id="ptaNamedP010_3.s1" name="s1"><![CDATA[]]></location><location id="ptaNamedP010_3.s2" name="s2"><![CDATA[]]></location><edge id="ptaNamedP010_3.Edge1" from="ptaNamedP010_3.s1" to="ptaNamedP010_3.s2"><guard>1</guard><sync>startID010_3?</sync><update>1</update></edge></process><process id="ptaNamedP011_4" name="ptaNamedP011_4"><location id="ptaNamedP011_4.s1" name="s1"><![CDATA[]]></location><location id="ptaNamedP011_4.s2" name="s2"><![CDATA[]]></location><edge id="ptaNamedP011_4.Edge1" from="ptaNamedP011_4.s1" to="ptaNamedP011_4.s2"><guard>1</guard><sync>startID011_4?</sync><update>1</update></edge></process><process id="pSyncTA" name="pSyncTA"><location id="pSyncTA.SyncPoint" name="SyncPoint"><![CDATA[]]></location></process></system><location_vector id="LocVec2" locations="pEnv.taEnv ptaGenPar0_0.s2 ptaNamedP00_1.s1 ptaGenPar01_2.s1 ptaNamedP010_3.s1 ptaNamedP011_4.s1 pSyncTA.SyncPoint "/><location_vector id="LocVec5" locations="pEnv.taEnv ptaGenPar0_0.s5 ptaNamedP00_1.s2 ptaGenPar01_2.s4 ptaNamedP010_3.s2 ptaNamedP011_4.s1 pSyncTA.SyncPoint "/><location_vector id="LocVec6" locations="pEnv.taEnv ptaGenPar0_0.s5 ptaNamedP00_1.s2 ptaGenPar01_2.s5 ptaNamedP010_3.s2 ptaNamedP011_4.s2 pSyncTA.SyncPoint "/><location_vector id="LocVec4" locations="pEnv.taEnv ptaGenPar0_0.s5 ptaNamedP00_1.s2 ptaGenPar01_2.s2 ptaNamedP010_3.s1 ptaNamedP011_4.s1 pSyncTA.SyncPoint "/><location_vector id="LocVec1" locations="pEnv.taEnv ptaGenPar0_0.s1 ptaNamedP00_1.s1 ptaGenPar01_2.s1 ptaNamedP010_3.s1 ptaNamedP011_4.s1 pSyncTA.SyncPoint "/><location_vector id="LocVec3" locations="pEnv.taEnv ptaGenPar0_0.s4 ptaNamedP00_1.s2 ptaGenPar01_2.s1 ptaNamedP010_3.s1 ptaNamedP011_4.s1 pSyncTA.SyncPoint "/><variable_vector id="varvec.2"><variable_state variable="sys.ep_0_0" value="0"/><variable_state variable="sys.ep_00_1" value="0"/><variable_state variable="sys.ep_01_2" value="0"/><variable_state variable="sys.ep_010_3" value="0"/><variable_state variable="sys.ep_011_4" value="0"/><variable_state variable="sys.ep_FID0" value="0"/><variable_state variable="sys.d0_0" value="0"/><variable_state variable="sys.d00_1" value="0"/><variable_state variable="sys.d01_2" value="0"/><variable_state variable="sys.d010_3" value="0"/><variable_state variable="sys.d011_4" value="0"/><variable_state variable="sys.ready_c" value="0"/><variable_state variable="sys.gIntrpt" value="0"/><variable_state variable="sys.guard_c" value="1"/><variable_state variable="sys.start" value="1"/><variable_state variable="sys.dp" value="0"/><variable_state variable="sys.tdeadline" value="0"/><variable_state variable="sys.itau_exch_ready" value="0"/><variable_state variable="sys.__reach__" value="0"/><variable_state variable="sys.__single__" value="0"/></variable_vector><variable_vector id="varvec.1"><variable_state variable="sys.ep_0_0" value="0"/><variable_state variable="sys.ep_00_1" value="0"/><variable_state variable="sys.ep_01_2" value="0"/><variable_state variable="sys.ep_010_3" value="0"/><variable_state variable="sys.ep_011_4" value="0"/><variable_state variable="sys.ep_FID0" value="0"/><variable_state variable="sys.d0_0" value="0"/><variable_state variable="sys.d00_1" value="0"/><variable_state variable="sys.d01_2" value="0"/><variable_state variable="sys.d010_3" value="0"/><variable_state variable="sys.d011_4" value="0"/><variable_state variable="sys.ready_c" value="0"/><variable_state variable="sys.gIntrpt" value="0"/><variable_state variable="sys.guard_c" value="1"/><variable_state variable="sys.start" value="0"/><variable_state variable="sys.dp" value="0"/><variable_state variable="sys.tdeadline" value="0"/><variable_state variable="sys.itau_exch_ready" value="0"/><variable_state variable="sys.__reach__" value="0"/><variable_state variable="sys.__single__" value="0"/></variable_vector><node id="State1" location_vector="LocVec1" dbm_instance="DBM1 " variable_vector="varvec.1"/><node id="State5" location_vector="LocVec5" dbm_instance="DBM1 " variable_vector="varvec.2"/><node id="State4" location_vector="LocVec4" dbm_instance="DBM1 " variable_vector="varvec.2"/><node id="State6" location_vector="LocVec6" dbm_instance="DBM1 " variable_vector="varvec.2"/><node id="State3" location_vector="LocVec3" dbm_instance="DBM1 " variable_vector="varvec.2"/><node id="State2" location_vector="LocVec2" dbm_instance="DBM1 " variable_vector="varvec.2"/><dbm_instance id="DBM1"><clockbound clock1="sys.t(0)" clock2="sys.t(0)" bound="0" comp="&lt;="/><clockbound clock1="sys.t(0)" clock2="sys.ck" bound="0" comp="&lt;="/><clockbound clock1="sys.ck" clock2="sys.t(0)" bound="inf" comp="&lt;"/><clockbound clock1="sys.ck" clock2="sys.ck" bound="0" comp="&lt;="/></dbm_instance><transition from="State1" to="State2" edges="pEnv.Edge1 ptaGenPar0_0.Edge1 "/><transition from="State2" to="State3" edges="ptaGenPar0_0.Edge2 ptaNamedP00_1.Edge1 "/><transition from="State3" to="State4" edges="ptaGenPar0_0.Edge3 ptaGenPar01_2.Edge1 "/><transition from="State4" to="State5" edges="ptaGenPar01_2.Edge2 ptaNamedP010_3.Edge1 "/><transition from="State5" to="State6" edges="ptaGenPar01_2.Edge3 ptaNamedP011_4.Edge1 "/></trace>