<?xml version="1.0" encoding="UTF-8"?>
<trace initial_node="State1" trace_options="symbolic"><system><clock name="t(0)" id="sys.t(0)"/><clock name="ck" id="sys.ck"/><variable name="ep_0_0" id="sys.ep_0_0"/><variable name="ep_00_1" id="sys.ep_00_1"/><variable name="ep_00_2" id="sys.ep_00_2"/><variable name="ep_00_3" id="sys.ep_00_3"/><variable name="ep_00_4" id="sys.ep_00_4"/><variable name="ep_00_5" id="sys.ep_00_5"/><variable name="ep_01_2" id="sys.ep_01_2"/><variable name="ep_01_3" id="sys.ep_01_3"/><variable name="ep_01_4" id="sys.ep_01_4"/><variable name="ep_01_5" id="sys.ep_01_5"/><variable name="ep_01_6" id="sys.ep_01_6"/><variable name="ep_FID0" id="sys.ep_FID0"/><variable name="ep_tooHot_sync" id="sys.ep_tooHot_sync"/><variable name="ep_tock_sync" id="sys.ep_tock_sync"/><variable name="ep_turnOff_sync" id="sys.ep_turnOff_sync"/><variable name="ep_tooCold_sync" id="sys.ep_tooCold_sync"/><variable name="tooHot_intrpt_guard" id="sys.tooHot_intrpt_guard"/><variable name="tock_intrpt_guard" id="sys.tock_intrpt_guard"/><variable name="turnOff_intrpt_guard" id="sys.turnOff_intrpt_guard"/><variable name="tooCold_intrpt_guard" id="sys.tooCold_intrpt_guard"/><variable name="d0_0" id="sys.d0_0"/><variable name="d00_1" id="sys.d00_1"/><variable name="d00_2" id="sys.d00_2"/><variable name="d00_3" id="sys.d00_3"/><variable name="d00_4" id="sys.d00_4"/><variable name="d00_5" id="sys.d00_5"/><variable name="d01_2" id="sys.d01_2"/><variable name="d01_3" id="sys.d01_3"/><variable name="d01_4" id="sys.d01_4"/><variable name="d01_5" id="sys.d01_5"/><variable name="d01_6" id="sys.d01_6"/><variable name="ready_c" id="sys.ready_c"/><variable name="gIntrpt" id="sys.gIntrpt"/><variable name="guard_c" id="sys.guard_c"/><variable name="start" id="sys.start"/><variable name="dp" id="sys.dp"/><variable name="tdeadline" id="sys.tdeadline"/><variable name="tooHot_exch_ready" id="sys.tooHot_exch_ready"/><variable name="tock_exch_ready" id="sys.tock_exch_ready"/><variable name="turnOff_exch_ready" id="sys.turnOff_exch_ready"/><variable name="tooCold_exch_ready" id="sys.tooCold_exch_ready"/><variable name="itau_exch_ready" id="sys.itau_exch_ready"/><variable name="__reach__" id="sys.__reach__"/><variable name="__single__" id="sys.__single__"/><process id="pEnv" name="pEnv"><location id="pEnv.taEnv" name="taEnv"><![CDATA[]]></location><edge id="pEnv.Edge1" from="pEnv.taEnv" to="pEnv.taEnv"><guard>start == 0</guard><sync>startIDThermostat!</sync><update>start := 1</update></edge><edge id="pEnv.Edge2" from="pEnv.taEnv" to="pEnv.taEnv"><guard>1</guard><sync>tooCold?</sync><update>1</update></edge><edge id="pEnv.Edge3" from="pEnv.taEnv" to="pEnv.taEnv"><guard>1</guard><sync>turnOff?</sync><update>1</update></edge></process><process id="ptaExtCho0_0" name="ptaExtCho0_0"><location id="ptaExtCho0_0.s1" name="s1"><![CDATA[]]></location><location id="ptaExtCho0_0.s2" name="s2"><![CDATA[]]></location><location id="ptaExtCho0_0.s3" name="s3"><![CDATA[]]></location><edge id="ptaExtCho0_0.Edge1" from="ptaExtCho0_0.s1" to="ptaExtCho0_0.s2"><guard>1</guard><sync>startIDThermostat?</sync><update>1</update></edge><edge id="ptaExtCho0_0.Edge2" from="ptaExtCho0_0.s2" to="ptaExtCho0_0.s3"><guard>1</guard><sync>startID00_1!</sync><update>1</update></edge><edge id="ptaExtCho0_0.Edge3" from="ptaExtCho0_0.s3" to="ptaExtCho0_0.s1"><guard>1</guard><sync>startID01_2!</sync><update>1</update></edge></process><process id="ptaPrefix00_1" name="ptaPrefix00_1"><location id="ptaPrefix00_1.s1" name="s1"><![CDATA[]]></location><location id="ptaPrefix00_1.s2" name="s2"><![CDATA[]]></location><edge id="ptaPrefix00_1.Edge1" from="ptaPrefix00_1.s1" to="ptaPrefix00_1.s2"><guard>1</guard><sync>startID00_1?</sync><update>1</update></edge><edge id="ptaPrefix00_1.Edge2" from="ptaPrefix00_1.s2" to="ptaPrefix00_1.s1"><guard>1</guard><sync>tooCold_exch?</sync><update>1</update></edge><edge id="ptaPrefix00_1.Edge3" from="ptaPrefix00_1.s2" to="ptaPrefix00_1.s2"><guard>1</guard><sync>tock?</sync><update>1</update></edge></process><process id="ptaPrefix00_2" name="ptaPrefix00_2"><location id="ptaPrefix00_2.s1" name="s1"><![CDATA[]]></location></process><process id="ptaPrefix00_3" name="ptaPrefix00_3"><location id="ptaPrefix00_3.s1" name="s1"><![CDATA[]]></location></process><process id="ptaPrefix00_4" name="ptaPrefix00_4"><location id="ptaPrefix00_4.s1" name="s1"><![CDATA[]]></location></process><process id="ptaNamedP00_5" name="ptaNamedP00_5"><location id="ptaNamedP00_5.s1" name="s1"><![CDATA[]]></location></process><process id="ptaPrefix01_2" name="ptaPrefix01_2"><location id="ptaPrefix01_2.s1" name="s1"><![CDATA[]]></location><location id="ptaPrefix01_2.s2" name="s2"><![CDATA[]]></location><location id="ptaPrefix01_2.s3" name="s3"><![CDATA[]]></location><location id="ptaPrefix01_2.s5" name="s5"><![CDATA[]]></location><edge id="ptaPrefix01_2.Edge1" from="ptaPrefix01_2.s1" to="ptaPrefix01_2.s2"><guard>1</guard><sync>startID01_2?</sync><update>1</update></edge><edge id="ptaPrefix01_2.Edge2" from="ptaPrefix01_2.s2" to="ptaPrefix01_2.s3"><guard>1</guard><sync>tooCold_exch!</sync><update>tooHot_exch_ready += 1</update></edge><edge id="ptaPrefix01_2.Edge3" from="ptaPrefix01_2.s3" to="ptaPrefix01_2.s5"><guard>1</guard><sync>tooCold!</sync><update>dp += 1, ep_01_2 := true</update></edge><edge id="ptaPrefix01_2.Edge4" from="ptaPrefix01_2.s5" to="ptaPrefix01_2.s1"><guard>1</guard><sync>startID01_3!</sync><update>1</update></edge><edge id="ptaPrefix01_2.Edge5" from="ptaPrefix01_2.s2" to="ptaPrefix01_2.s3"><guard>tooHot_exch_ready</guard><sync>tau</sync><update>1</update></edge></process><process id="ptaPrefix01_3" name="ptaPrefix01_3"><location id="ptaPrefix01_3.s1" name="s1"><![CDATA[]]></location><location id="ptaPrefix01_3.s2" name="s2"><![CDATA[]]></location><location id="ptaPrefix01_3.s5" name="s5"><![CDATA[]]></location><edge id="ptaPrefix01_3.Edge1" from="ptaPrefix01_3.s1" to="ptaPrefix01_3.s2"><guard>1</guard><sync>startID01_3?</sync><update>1</update></edge><edge id="ptaPrefix01_3.Edge2" from="ptaPrefix01_3.s2" to="ptaPrefix01_3.s5"><guard>1</guard><sync>tock!</sync><update>dp += 1, ep_01_3 := true</update></edge><edge id="ptaPrefix01_3.Edge3" from="ptaPrefix01_3.s5" to="ptaPrefix01_3.s1"><guard>1</guard><sync>startID01_4!</sync><update>1</update></edge></process><process id="ptaPrefix01_4" name="ptaPrefix01_4"><location id="ptaPrefix01_4.s1" name="s1"><![CDATA[]]></location><location id="ptaPrefix01_4.s2" name="s2"><![CDATA[]]></location><location id="ptaPrefix01_4.s5" name="s5"><![CDATA[]]></location><edge id="ptaPrefix01_4.Edge1" from="ptaPrefix01_4.s1" to="ptaPrefix01_4.s2"><guard>1</guard><sync>startID01_4?</sync><update>1</update></edge><edge id="ptaPrefix01_4.Edge2" from="ptaPrefix01_4.s2" to="ptaPrefix01_4.s5"><guard>1</guard><sync>tock!</sync><update>dp += 1, ep_01_4 := true</update></edge><edge id="ptaPrefix01_4.Edge3" from="ptaPrefix01_4.s5" to="ptaPrefix01_4.s1"><guard>1</guard><sync>startID01_5!</sync><update>1</update></edge></process><process id="ptaPrefix01_5" name="ptaPrefix01_5"><location id="ptaPrefix01_5.s1" name="s1"><![CDATA[]]></location><location id="ptaPrefix01_5.s2" name="s2"><![CDATA[]]></location><location id="ptaPrefix01_5.s5" name="s5"><![CDATA[]]></location><edge id="ptaPrefix01_5.Edge1" from="ptaPrefix01_5.s1" to="ptaPrefix01_5.s2"><guard>1</guard><sync>startID01_5?</sync><update>1</update></edge><edge id="ptaPrefix01_5.Edge2" from="ptaPrefix01_5.s2" to="ptaPrefix01_5.s5"><guard>1</guard><sync>turnOff!</sync><update>dp += 1, ep_01_5 := true</update></edge><edge id="ptaPrefix01_5.Edge3" from="ptaPrefix01_5.s5" to="ptaPrefix01_5.s1"><guard>1</guard><sync>startID01_6!</sync><update>1</update></edge></process><process id="ptaNamedP01_6" name="ptaNamedP01_6"><location id="ptaNamedP01_6.s1" name="s1"><![CDATA[]]></location><location id="ptaNamedP01_6.s2" name="s2"><![CDATA[]]></location><edge id="ptaNamedP01_6.Edge1" from="ptaNamedP01_6.s1" to="ptaNamedP01_6.s2"><guard>1</guard><sync>startID01_6?</sync><update>1</update></edge><edge id="ptaNamedP01_6.Edge2" from="ptaNamedP01_6.s2" to="ptaNamedP01_6.s1"><guard>1</guard><sync>startIDThermostat!</sync><update>1</update></edge></process><process id="pSyncTA" name="pSyncTA"><location id="pSyncTA.SyncPoint" name="SyncPoint"><![CDATA[]]></location></process></system><location_vector id="LocVec8" locations="pEnv.taEnv ptaExtCho0_0.s1 ptaPrefix00_1.s1 ptaPrefix00_2.s1 ptaPrefix00_3.s1 ptaPrefix00_4.s1 ptaNamedP00_5.s1 ptaPrefix01_2.s1 ptaPrefix01_3.s5 ptaPrefix01_4.s1 ptaPrefix01_5.s1 ptaNamedP01_6.s1 pSyncTA.SyncPoint "/><location_vector id="LocVec19" locations="pEnv.taEnv ptaExtCho0_0.s1 ptaPrefix00_1.s2 ptaPrefix00_2.s1 ptaPrefix00_3.s1 ptaPrefix00_4.s1 ptaNamedP00_5.s1 ptaPrefix01_2.s1 ptaPrefix01_3.s1 ptaPrefix01_4.s5 ptaPrefix01_5.s1 ptaNamedP01_6.s1 pSyncTA.SyncPoint "/><location_vector id="LocVec6" locations="pEnv.taEnv ptaExtCho0_0.s1 ptaPrefix00_1.s1 ptaPrefix00_2.s1 ptaPrefix00_3.s1 ptaPrefix00_4.s1 ptaNamedP00_5.s1 ptaPrefix01_2.s5 ptaPrefix01_3.s1 ptaPrefix01_4.s1 ptaPrefix01_5.s1 ptaNamedP01_6.s1 pSyncTA.SyncPoint "/><location_vector id="LocVec14" locations="pEnv.taEnv ptaExtCho0_0.s1 ptaPrefix00_1.s2 ptaPrefix00_2.s1 ptaPrefix00_3.s1 ptaPrefix00_4.s1 ptaNamedP00_5.s1 ptaPrefix01_2.s3 ptaPrefix01_3.s1 ptaPrefix01_4.s1 ptaPrefix01_5.s1 ptaNamedP01_6.s1 pSyncTA.SyncPoint "/><location_vector id="LocVec21" locations="pEnv.taEnv ptaExtCho0_0.s1 ptaPrefix00_1.s2 ptaPrefix00_2.s1 ptaPrefix00_3.s1 ptaPrefix00_4.s1 ptaNamedP00_5.s1 ptaPrefix01_2.s1 ptaPrefix01_3.s1 ptaPrefix01_4.s1 ptaPrefix01_5.s5 ptaNamedP01_6.s1 pSyncTA.SyncPoint "/><location_vector id="LocVec3" locations="pEnv.taEnv ptaExtCho0_0.s3 ptaPrefix00_1.s2 ptaPrefix00_2.s1 ptaPrefix00_3.s1 ptaPrefix00_4.s1 ptaNamedP00_5.s1 ptaPrefix01_2.s1 ptaPrefix01_3.s1 ptaPrefix01_4.s1 ptaPrefix01_5.s1 ptaNamedP01_6.s1 pSyncTA.SyncPoint "/><location_vector id="LocVec10" locations="pEnv.taEnv ptaExtCho0_0.s1 ptaPrefix00_1.s1 ptaPrefix00_2.s1 ptaPrefix00_3.s1 ptaPrefix00_4.s1 ptaNamedP00_5.s1 ptaPrefix01_2.s1 ptaPrefix01_3.s1 ptaPrefix01_4.s5 ptaPrefix01_5.s1 ptaNamedP01_6.s1 pSyncTA.SyncPoint "/><location_vector id="LocVec5" locations="pEnv.taEnv ptaExtCho0_0.s1 ptaPrefix00_1.s1 ptaPrefix00_2.s1 ptaPrefix00_3.s1 ptaPrefix00_4.s1 ptaNamedP00_5.s1 ptaPrefix01_2.s3 ptaPrefix01_3.s1 ptaPrefix01_4.s1 ptaPrefix01_5.s1 ptaNamedP01_6.s1 pSyncTA.SyncPoint "/><location_vector id="LocVec2" locations="pEnv.taEnv ptaExtCho0_0.s2 ptaPrefix00_1.s1 ptaPrefix00_2.s1 ptaPrefix00_3.s1 ptaPrefix00_4.s1 ptaNamedP00_5.s1 ptaPrefix01_2.s1 ptaPrefix01_3.s1 ptaPrefix01_4.s1 ptaPrefix01_5.s1 ptaNamedP01_6.s1 pSyncTA.SyncPoint "/><location_vector id="LocVec15" locations="pEnv.taEnv ptaExtCho0_0.s1 ptaPrefix00_1.s2 ptaPrefix00_2.s1 ptaPrefix00_3.s1 ptaPrefix00_4.s1 ptaNamedP00_5.s1 ptaPrefix01_2.s5 ptaPrefix01_3.s1 ptaPrefix01_4.s1 ptaPrefix01_5.s1 ptaNamedP01_6.s1 pSyncTA.SyncPoint "/><location_vector id="LocVec7" locations="pEnv.taEnv ptaExtCho0_0.s1 ptaPrefix00_1.s1 ptaPrefix00_2.s1 ptaPrefix00_3.s1 ptaPrefix00_4.s1 ptaNamedP00_5.s1 ptaPrefix01_2.s1 ptaPrefix01_3.s2 ptaPrefix01_4.s1 ptaPrefix01_5.s1 ptaNamedP01_6.s1 pSyncTA.SyncPoint "/><location_vector id="LocVec12" locations="pEnv.taEnv ptaExtCho0_0.s1 ptaPrefix00_1.s1 ptaPrefix00_2.s1 ptaPrefix00_3.s1 ptaPrefix00_4.s1 ptaNamedP00_5.s1 ptaPrefix01_2.s1 ptaPrefix01_3.s1 ptaPrefix01_4.s1 ptaPrefix01_5.s5 ptaNamedP01_6.s1 pSyncTA.SyncPoint "/><location_vector id="LocVec1" locations="pEnv.taEnv ptaExtCho0_0.s1 ptaPrefix00_1.s1 ptaPrefix00_2.s1 ptaPrefix00_3.s1 ptaPrefix00_4.s1 ptaNamedP00_5.s1 ptaPrefix01_2.s1 ptaPrefix01_3.s1 ptaPrefix01_4.s1 ptaPrefix01_5.s1 ptaNamedP01_6.s1 pSyncTA.SyncPoint "/><location_vector id="LocVec16" locations="pEnv.taEnv ptaExtCho0_0.s1 ptaPrefix00_1.s2 ptaPrefix00_2.s1 ptaPrefix00_3.s1 ptaPrefix00_4.s1 ptaNamedP00_5.s1 ptaPrefix01_2.s1 ptaPrefix01_3.s2 ptaPrefix01_4.s1 ptaPrefix01_5.s1 ptaNamedP01_6.s1 pSyncTA.SyncPoint "/><location_vector id="LocVec4" locations="pEnv.taEnv ptaExtCho0_0.s1 ptaPrefix00_1.s2 ptaPrefix00_2.s1 ptaPrefix00_3.s1 ptaPrefix00_4.s1 ptaNamedP00_5.s1 ptaPrefix01_2.s2 ptaPrefix01_3.s1 ptaPrefix01_4.s1 ptaPrefix01_5.s1 ptaNamedP01_6.s1 pSyncTA.SyncPoint "/><location_vector id="LocVec18" locations="pEnv.taEnv ptaExtCho0_0.s1 ptaPrefix00_1.s2 ptaPrefix00_2.s1 ptaPrefix00_3.s1 ptaPrefix00_4.s1 ptaNamedP00_5.s1 ptaPrefix01_2.s1 ptaPrefix01_3.s1 ptaPrefix01_4.s2 ptaPrefix01_5.s1 ptaNamedP01_6.s1 pSyncTA.SyncPoint "/><location_vector id="LocVec17" locations="pEnv.taEnv ptaExtCho0_0.s1 ptaPrefix00_1.s2 ptaPrefix00_2.s1 ptaPrefix00_3.s1 ptaPrefix00_4.s1 ptaNamedP00_5.s1 ptaPrefix01_2.s1 ptaPrefix01_3.s5 ptaPrefix01_4.s1 ptaPrefix01_5.s1 ptaNamedP01_6.s1 pSyncTA.SyncPoint "/><location_vector id="LocVec13" locations="pEnv.taEnv ptaExtCho0_0.s1 ptaPrefix00_1.s1 ptaPrefix00_2.s1 ptaPrefix00_3.s1 ptaPrefix00_4.s1 ptaNamedP00_5.s1 ptaPrefix01_2.s1 ptaPrefix01_3.s1 ptaPrefix01_4.s1 ptaPrefix01_5.s1 ptaNamedP01_6.s2 pSyncTA.SyncPoint "/><location_vector id="LocVec11" locations="pEnv.taEnv ptaExtCho0_0.s1 ptaPrefix00_1.s1 ptaPrefix00_2.s1 ptaPrefix00_3.s1 ptaPrefix00_4.s1 ptaNamedP00_5.s1 ptaPrefix01_2.s1 ptaPrefix01_3.s1 ptaPrefix01_4.s1 ptaPrefix01_5.s2 ptaNamedP01_6.s1 pSyncTA.SyncPoint "/><location_vector id="LocVec22" locations="pEnv.taEnv ptaExtCho0_0.s1 ptaPrefix00_1.s2 ptaPrefix00_2.s1 ptaPrefix00_3.s1 ptaPrefix00_4.s1 ptaNamedP00_5.s1 ptaPrefix01_2.s1 ptaPrefix01_3.s1 ptaPrefix01_4.s1 ptaPrefix01_5.s1 ptaNamedP01_6.s2 pSyncTA.SyncPoint "/><location_vector id="LocVec23" locations="pEnv.taEnv ptaExtCho0_0.s2 ptaPrefix00_1.s2 ptaPrefix00_2.s1 ptaPrefix00_3.s1 ptaPrefix00_4.s1 ptaNamedP00_5.s1 ptaPrefix01_2.s1 ptaPrefix01_3.s1 ptaPrefix01_4.s1 ptaPrefix01_5.s1 ptaNamedP01_6.s1 pSyncTA.SyncPoint "/><location_vector id="LocVec20" locations="pEnv.taEnv ptaExtCho0_0.s1 ptaPrefix00_1.s2 ptaPrefix00_2.s1 ptaPrefix00_3.s1 ptaPrefix00_4.s1 ptaNamedP00_5.s1 ptaPrefix01_2.s1 ptaPrefix01_3.s1 ptaPrefix01_4.s1 ptaPrefix01_5.s2 ptaNamedP01_6.s1 pSyncTA.SyncPoint "/><location_vector id="LocVec9" locations="pEnv.taEnv ptaExtCho0_0.s1 ptaPrefix00_1.s1 ptaPrefix00_2.s1 ptaPrefix00_3.s1 ptaPrefix00_4.s1 ptaNamedP00_5.s1 ptaPrefix01_2.s1 ptaPrefix01_3.s1 ptaPrefix01_4.s2 ptaPrefix01_5.s1 ptaNamedP01_6.s1 pSyncTA.SyncPoint "/><variable_vector id="varvec.6"><variable_state variable="sys.ep_0_0" value="0"/><variable_state variable="sys.ep_00_1" value="0"/><variable_state variable="sys.ep_00_2" value="0"/><variable_state variable="sys.ep_00_3" value="0"/><variable_state variable="sys.ep_00_4" value="0"/><variable_state variable="sys.ep_00_5" value="0"/><variable_state variable="sys.ep_01_2" value="1"/><variable_state variable="sys.ep_01_3" value="1"/><variable_state variable="sys.ep_01_4" value="1"/><variable_state variable="sys.ep_01_5" value="0"/><variable_state variable="sys.ep_01_6" value="0"/><variable_state variable="sys.ep_FID0" value="0"/><variable_state variable="sys.ep_tooHot_sync" value="0"/><variable_state variable="sys.ep_tock_sync" value="0"/><variable_state variable="sys.ep_turnOff_sync" value="0"/><variable_state variable="sys.ep_tooCold_sync" value="0"/><variable_state variable="sys.tooHot_intrpt_guard" value="0"/><variable_state variable="sys.tock_intrpt_guard" value="0"/><variable_state variable="sys.turnOff_intrpt_guard" value="0"/><variable_state variable="sys.tooCold_intrpt_guard" value="0"/><variable_state variable="sys.d0_0" value="0"/><variable_state variable="sys.d00_1" value="0"/><variable_state variable="sys.d00_2" value="0"/><variable_state variable="sys.d00_3" value="0"/><variable_state variable="sys.d00_4" value="0"/><variable_state variable="sys.d00_5" value="0"/><variable_state variable="sys.d01_2" value="0"/><variable_state variable="sys.d01_3" value="0"/><variable_state variable="sys.d01_4" value="0"/><variable_state variable="sys.d01_5" value="0"/><variable_state variable="sys.d01_6" value="0"/><variable_state variable="sys.ready_c" value="0"/><variable_state variable="sys.gIntrpt" value="0"/><variable_state variable="sys.guard_c" value="1"/><variable_state variable="sys.start" value="1"/><variable_state variable="sys.dp" value="3"/><variable_state variable="sys.tdeadline" value="0"/><variable_state variable="sys.tooHot_exch_ready" value="1"/><variable_state variable="sys.tock_exch_ready" value="0"/><variable_state variable="sys.turnOff_exch_ready" value="0"/><variable_state variable="sys.tooCold_exch_ready" value="0"/><variable_state variable="sys.itau_exch_ready" value="0"/><variable_state variable="sys.__reach__" value="0"/><variable_state variable="sys.__single__" value="0"/></variable_vector><variable_vector id="varvec.11"><variable_state variable="sys.ep_0_0" value="0"/><variable_state variable="sys.ep_00_1" value="0"/><variable_state variable="sys.ep_00_2" value="0"/><variable_state variable="sys.ep_00_3" value="0"/><variable_state variable="sys.ep_00_4" value="0"/><variable_state variable="sys.ep_00_5" value="0"/><variable_state variable="sys.ep_01_2" value="1"/><variable_state variable="sys.ep_01_3" value="1"/><variable_state variable="sys.ep_01_4" value="1"/><variable_state variable="sys.ep_01_5" value="1"/><variable_state variable="sys.ep_01_6" value="0"/><variable_state variable="sys.ep_FID0" value="0"/><variable_state variable="sys.ep_tooHot_sync" value="0"/><variable_state variable="sys.ep_tock_sync" value="0"/><variable_state variable="sys.ep_turnOff_sync" value="0"/><variable_state variable="sys.ep_tooCold_sync" value="0"/><variable_state variable="sys.tooHot_intrpt_guard" value="0"/><variable_state variable="sys.tock_intrpt_guard" value="0"/><variable_state variable="sys.turnOff_intrpt_guard" value="0"/><variable_state variable="sys.tooCold_intrpt_guard" value="0"/><variable_state variable="sys.d0_0" value="0"/><variable_state variable="sys.d00_1" value="0"/><variable_state variable="sys.d00_2" value="0"/><variable_state variable="sys.d00_3" value="0"/><variable_state variable="sys.d00_4" value="0"/><variable_state variable="sys.d00_5" value="0"/><variable_state variable="sys.d01_2" value="0"/><variable_state variable="sys.d01_3" value="0"/><variable_state variable="sys.d01_4" value="0"/><variable_state variable="sys.d01_5" value="0"/><variable_state variable="sys.d01_6" value="0"/><variable_state variable="sys.ready_c" value="0"/><variable_state variable="sys.gIntrpt" value="0"/><variable_state variable="sys.guard_c" value="1"/><variable_state variable="sys.start" value="1"/><variable_state variable="sys.dp" value="8"/><variable_state variable="sys.tdeadline" value="0"/><variable_state variable="sys.tooHot_exch_ready" value="1"/><variable_state variable="sys.tock_exch_ready" value="0"/><variable_state variable="sys.turnOff_exch_ready" value="0"/><variable_state variable="sys.tooCold_exch_ready" value="0"/><variable_state variable="sys.itau_exch_ready" value="0"/><variable_state variable="sys.__reach__" value="0"/><variable_state variable="sys.__single__" value="0"/></variable_vector><variable_vector id="varvec.1"><variable_state variable="sys.ep_0_0" value="0"/><variable_state variable="sys.ep_00_1" value="0"/><variable_state variable="sys.ep_00_2" value="0"/><variable_state variable="sys.ep_00_3" value="0"/><variable_state variable="sys.ep_00_4" value="0"/><variable_state variable="sys.ep_00_5" value="0"/><variable_state variable="sys.ep_01_2" value="0"/><variable_state variable="sys.ep_01_3" value="0"/><variable_state variable="sys.ep_01_4" value="0"/><variable_state variable="sys.ep_01_5" value="0"/><variable_state variable="sys.ep_01_6" value="0"/><variable_state variable="sys.ep_FID0" value="0"/><variable_state variable="sys.ep_tooHot_sync" value="0"/><variable_state variable="sys.ep_tock_sync" value="0"/><variable_state variable="sys.ep_turnOff_sync" value="0"/><variable_state variable="sys.ep_tooCold_sync" value="0"/><variable_state variable="sys.tooHot_intrpt_guard" value="0"/><variable_state variable="sys.tock_intrpt_guard" value="0"/><variable_state variable="sys.turnOff_intrpt_guard" value="0"/><variable_state variable="sys.tooCold_intrpt_guard" value="0"/><variable_state variable="sys.d0_0" value="0"/><variable_state variable="sys.d00_1" value="0"/><variable_state variable="sys.d00_2" value="0"/><variable_state variable="sys.d00_3" value="0"/><variable_state variable="sys.d00_4" value="0"/><variable_state variable="sys.d00_5" value="0"/><variable_state variable="sys.d01_2" value="0"/><variable_state variable="sys.d01_3" value="0"/><variable_state variable="sys.d01_4" value="0"/><variable_state variable="sys.d01_5" value="0"/><variable_state variable="sys.d01_6" value="0"/><variable_state variable="sys.ready_c" value="0"/><variable_state variable="sys.gIntrpt" value="0"/><variable_state variable="sys.guard_c" value="1"/><variable_state variable="sys.start" value="0"/><variable_state variable="sys.dp" value="0"/><variable_state variable="sys.tdeadline" value="0"/><variable_state variable="sys.tooHot_exch_ready" value="0"/><variable_state variable="sys.tock_exch_ready" value="0"/><variable_state variable="sys.turnOff_exch_ready" value="0"/><variable_state variable="sys.tooCold_exch_ready" value="0"/><variable_state variable="sys.itau_exch_ready" value="0"/><variable_state variable="sys.__reach__" value="0"/><variable_state variable="sys.__single__" value="0"/></variable_vector><variable_vector id="varvec.7"><variable_state variable="sys.ep_0_0" value="0"/><variable_state variable="sys.ep_00_1" value="0"/><variable_state variable="sys.ep_00_2" value="0"/><variable_state variable="sys.ep_00_3" value="0"/><variable_state variable="sys.ep_00_4" value="0"/><variable_state variable="sys.ep_00_5" value="0"/><variable_state variable="sys.ep_01_2" value="1"/><variable_state variable="sys.ep_01_3" value="1"/><variable_state variable="sys.ep_01_4" value="1"/><variable_state variable="sys.ep_01_5" value="1"/><variable_state variable="sys.ep_01_6" value="0"/><variable_state variable="sys.ep_FID0" value="0"/><variable_state variable="sys.ep_tooHot_sync" value="0"/><variable_state variable="sys.ep_tock_sync" value="0"/><variable_state variable="sys.ep_turnOff_sync" value="0"/><variable_state variable="sys.ep_tooCold_sync" value="0"/><variable_state variable="sys.tooHot_intrpt_guard" value="0"/><variable_state variable="sys.tock_intrpt_guard" value="0"/><variable_state variable="sys.turnOff_intrpt_guard" value="0"/><variable_state variable="sys.tooCold_intrpt_guard" value="0"/><variable_state variable="sys.d0_0" value="0"/><variable_state variable="sys.d00_1" value="0"/><variable_state variable="sys.d00_2" value="0"/><variable_state variable="sys.d00_3" value="0"/><variable_state variable="sys.d00_4" value="0"/><variable_state variable="sys.d00_5" value="0"/><variable_state variable="sys.d01_2" value="0"/><variable_state variable="sys.d01_3" value="0"/><variable_state variable="sys.d01_4" value="0"/><variable_state variable="sys.d01_5" value="0"/><variable_state variable="sys.d01_6" value="0"/><variable_state variable="sys.ready_c" value="0"/><variable_state variable="sys.gIntrpt" value="0"/><variable_state variable="sys.guard_c" value="1"/><variable_state variable="sys.start" value="1"/><variable_state variable="sys.dp" value="4"/><variable_state variable="sys.tdeadline" value="0"/><variable_state variable="sys.tooHot_exch_ready" value="1"/><variable_state variable="sys.tock_exch_ready" value="0"/><variable_state variable="sys.turnOff_exch_ready" value="0"/><variable_state variable="sys.tooCold_exch_ready" value="0"/><variable_state variable="sys.itau_exch_ready" value="0"/><variable_state variable="sys.__reach__" value="0"/><variable_state variable="sys.__single__" value="0"/></variable_vector><variable_vector id="varvec.2"><variable_state variable="sys.ep_0_0" value="0"/><variable_state variable="sys.ep_00_1" value="0"/><variable_state variable="sys.ep_00_2" value="0"/><variable_state variable="sys.ep_00_3" value="0"/><variable_state variable="sys.ep_00_4" value="0"/><variable_state variable="sys.ep_00_5" value="0"/><variable_state variable="sys.ep_01_2" value="0"/><variable_state variable="sys.ep_01_3" value="0"/><variable_state variable="sys.ep_01_4" value="0"/><variable_state variable="sys.ep_01_5" value="0"/><variable_state variable="sys.ep_01_6" value="0"/><variable_state variable="sys.ep_FID0" value="0"/><variable_state variable="sys.ep_tooHot_sync" value="0"/><variable_state variable="sys.ep_tock_sync" value="0"/><variable_state variable="sys.ep_turnOff_sync" value="0"/><variable_state variable="sys.ep_tooCold_sync" value="0"/><variable_state variable="sys.tooHot_intrpt_guard" value="0"/><variable_state variable="sys.tock_intrpt_guard" value="0"/><variable_state variable="sys.turnOff_intrpt_guard" value="0"/><variable_state variable="sys.tooCold_intrpt_guard" value="0"/><variable_state variable="sys.d0_0" value="0"/><variable_state variable="sys.d00_1" value="0"/><variable_state variable="sys.d00_2" value="0"/><variable_state variable="sys.d00_3" value="0"/><variable_state variable="sys.d00_4" value="0"/><variable_state variable="sys.d00_5" value="0"/><variable_state variable="sys.d01_2" value="0"/><variable_state variable="sys.d01_3" value="0"/><variable_state variable="sys.d01_4" value="0"/><variable_state variable="sys.d01_5" value="0"/><variable_state variable="sys.d01_6" value="0"/><variable_state variable="sys.ready_c" value="0"/><variable_state variable="sys.gIntrpt" value="0"/><variable_state variable="sys.guard_c" value="1"/><variable_state variable="sys.start" value="1"/><variable_state variable="sys.dp" value="0"/><variable_state variable="sys.tdeadline" value="0"/><variable_state variable="sys.tooHot_exch_ready" value="0"/><variable_state variable="sys.tock_exch_ready" value="0"/><variable_state variable="sys.turnOff_exch_ready" value="0"/><variable_state variable="sys.tooCold_exch_ready" value="0"/><variable_state variable="sys.itau_exch_ready" value="0"/><variable_state variable="sys.__reach__" value="0"/><variable_state variable="sys.__single__" value="0"/></variable_vector><variable_vector id="varvec.4"><variable_state variable="sys.ep_0_0" value="0"/><variable_state variable="sys.ep_00_1" value="0"/><variable_state variable="sys.ep_00_2" value="0"/><variable_state variable="sys.ep_00_3" value="0"/><variable_state variable="sys.ep_00_4" value="0"/><variable_state variable="sys.ep_00_5" value="0"/><variable_state variable="sys.ep_01_2" value="1"/><variable_state variable="sys.ep_01_3" value="0"/><variable_state variable="sys.ep_01_4" value="0"/><variable_state variable="sys.ep_01_5" value="0"/><variable_state variable="sys.ep_01_6" value="0"/><variable_state variable="sys.ep_FID0" value="0"/><variable_state variable="sys.ep_tooHot_sync" value="0"/><variable_state variable="sys.ep_tock_sync" value="0"/><variable_state variable="sys.ep_turnOff_sync" value="0"/><variable_state variable="sys.ep_tooCold_sync" value="0"/><variable_state variable="sys.tooHot_intrpt_guard" value="0"/><variable_state variable="sys.tock_intrpt_guard" value="0"/><variable_state variable="sys.turnOff_intrpt_guard" value="0"/><variable_state variable="sys.tooCold_intrpt_guard" value="0"/><variable_state variable="sys.d0_0" value="0"/><variable_state variable="sys.d00_1" value="0"/><variable_state variable="sys.d00_2" value="0"/><variable_state variable="sys.d00_3" value="0"/><variable_state variable="sys.d00_4" value="0"/><variable_state variable="sys.d00_5" value="0"/><variable_state variable="sys.d01_2" value="0"/><variable_state variable="sys.d01_3" value="0"/><variable_state variable="sys.d01_4" value="0"/><variable_state variable="sys.d01_5" value="0"/><variable_state variable="sys.d01_6" value="0"/><variable_state variable="sys.ready_c" value="0"/><variable_state variable="sys.gIntrpt" value="0"/><variable_state variable="sys.guard_c" value="1"/><variable_state variable="sys.start" value="1"/><variable_state variable="sys.dp" value="1"/><variable_state variable="sys.tdeadline" value="0"/><variable_state variable="sys.tooHot_exch_ready" value="1"/><variable_state variable="sys.tock_exch_ready" value="0"/><variable_state variable="sys.turnOff_exch_ready" value="0"/><variable_state variable="sys.tooCold_exch_ready" value="0"/><variable_state variable="sys.itau_exch_ready" value="0"/><variable_state variable="sys.__reach__" value="0"/><variable_state variable="sys.__single__" value="0"/></variable_vector><variable_vector id="varvec.3"><variable_state variable="sys.ep_0_0" value="0"/><variable_state variable="sys.ep_00_1" value="0"/><variable_state variable="sys.ep_00_2" value="0"/><variable_state variable="sys.ep_00_3" value="0"/><variable_state variable="sys.ep_00_4" value="0"/><variable_state variable="sys.ep_00_5" value="0"/><variable_state variable="sys.ep_01_2" value="0"/><variable_state variable="sys.ep_01_3" value="0"/><variable_state variable="sys.ep_01_4" value="0"/><variable_state variable="sys.ep_01_5" value="0"/><variable_state variable="sys.ep_01_6" value="0"/><variable_state variable="sys.ep_FID0" value="0"/><variable_state variable="sys.ep_tooHot_sync" value="0"/><variable_state variable="sys.ep_tock_sync" value="0"/><variable_state variable="sys.ep_turnOff_sync" value="0"/><variable_state variable="sys.ep_tooCold_sync" value="0"/><variable_state variable="sys.tooHot_intrpt_guard" value="0"/><variable_state variable="sys.tock_intrpt_guard" value="0"/><variable_state variable="sys.turnOff_intrpt_guard" value="0"/><variable_state variable="sys.tooCold_intrpt_guard" value="0"/><variable_state variable="sys.d0_0" value="0"/><variable_state variable="sys.d00_1" value="0"/><variable_state variable="sys.d00_2" value="0"/><variable_state variable="sys.d00_3" value="0"/><variable_state variable="sys.d00_4" value="0"/><variable_state variable="sys.d00_5" value="0"/><variable_state variable="sys.d01_2" value="0"/><variable_state variable="sys.d01_3" value="0"/><variable_state variable="sys.d01_4" value="0"/><variable_state variable="sys.d01_5" value="0"/><variable_state variable="sys.d01_6" value="0"/><variable_state variable="sys.ready_c" value="0"/><variable_state variable="sys.gIntrpt" value="0"/><variable_state variable="sys.guard_c" value="1"/><variable_state variable="sys.start" value="1"/><variable_state variable="sys.dp" value="0"/><variable_state variable="sys.tdeadline" value="0"/><variable_state variable="sys.tooHot_exch_ready" value="1"/><variable_state variable="sys.tock_exch_ready" value="0"/><variable_state variable="sys.turnOff_exch_ready" value="0"/><variable_state variable="sys.tooCold_exch_ready" value="0"/><variable_state variable="sys.itau_exch_ready" value="0"/><variable_state variable="sys.__reach__" value="0"/><variable_state variable="sys.__single__" value="0"/></variable_vector><variable_vector id="varvec.10"><variable_state variable="sys.ep_0_0" value="0"/><variable_state variable="sys.ep_00_1" value="0"/><variable_state variable="sys.ep_00_2" value="0"/><variable_state variable="sys.ep_00_3" value="0"/><variable_state variable="sys.ep_00_4" value="0"/><variable_state variable="sys.ep_00_5" value="0"/><variable_state variable="sys.ep_01_2" value="1"/><variable_state variable="sys.ep_01_3" value="1"/><variable_state variable="sys.ep_01_4" value="1"/><variable_state variable="sys.ep_01_5" value="1"/><variable_state variable="sys.ep_01_6" value="0"/><variable_state variable="sys.ep_FID0" value="0"/><variable_state variable="sys.ep_tooHot_sync" value="0"/><variable_state variable="sys.ep_tock_sync" value="0"/><variable_state variable="sys.ep_turnOff_sync" value="0"/><variable_state variable="sys.ep_tooCold_sync" value="0"/><variable_state variable="sys.tooHot_intrpt_guard" value="0"/><variable_state variable="sys.tock_intrpt_guard" value="0"/><variable_state variable="sys.turnOff_intrpt_guard" value="0"/><variable_state variable="sys.tooCold_intrpt_guard" value="0"/><variable_state variable="sys.d0_0" value="0"/><variable_state variable="sys.d00_1" value="0"/><variable_state variable="sys.d00_2" value="0"/><variable_state variable="sys.d00_3" value="0"/><variable_state variable="sys.d00_4" value="0"/><variable_state variable="sys.d00_5" value="0"/><variable_state variable="sys.d01_2" value="0"/><variable_state variable="sys.d01_3" value="0"/><variable_state variable="sys.d01_4" value="0"/><variable_state variable="sys.d01_5" value="0"/><variable_state variable="sys.d01_6" value="0"/><variable_state variable="sys.ready_c" value="0"/><variable_state variable="sys.gIntrpt" value="0"/><variable_state variable="sys.guard_c" value="1"/><variable_state variable="sys.start" value="1"/><variable_state variable="sys.dp" value="7"/><variable_state variable="sys.tdeadline" value="0"/><variable_state variable="sys.tooHot_exch_ready" value="1"/><variable_state variable="sys.tock_exch_ready" value="0"/><variable_state variable="sys.turnOff_exch_ready" value="0"/><variable_state variable="sys.tooCold_exch_ready" value="0"/><variable_state variable="sys.itau_exch_ready" value="0"/><variable_state variable="sys.__reach__" value="0"/><variable_state variable="sys.__single__" value="0"/></variable_vector><variable_vector id="varvec.9"><variable_state variable="sys.ep_0_0" value="0"/><variable_state variable="sys.ep_00_1" value="0"/><variable_state variable="sys.ep_00_2" value="0"/><variable_state variable="sys.ep_00_3" value="0"/><variable_state variable="sys.ep_00_4" value="0"/><variable_state variable="sys.ep_00_5" value="0"/><variable_state variable="sys.ep_01_2" value="1"/><variable_state variable="sys.ep_01_3" value="1"/><variable_state variable="sys.ep_01_4" value="1"/><variable_state variable="sys.ep_01_5" value="1"/><variable_state variable="sys.ep_01_6" value="0"/><variable_state variable="sys.ep_FID0" value="0"/><variable_state variable="sys.ep_tooHot_sync" value="0"/><variable_state variable="sys.ep_tock_sync" value="0"/><variable_state variable="sys.ep_turnOff_sync" value="0"/><variable_state variable="sys.ep_tooCold_sync" value="0"/><variable_state variable="sys.tooHot_intrpt_guard" value="0"/><variable_state variable="sys.tock_intrpt_guard" value="0"/><variable_state variable="sys.turnOff_intrpt_guard" value="0"/><variable_state variable="sys.tooCold_intrpt_guard" value="0"/><variable_state variable="sys.d0_0" value="0"/><variable_state variable="sys.d00_1" value="0"/><variable_state variable="sys.d00_2" value="0"/><variable_state variable="sys.d00_3" value="0"/><variable_state variable="sys.d00_4" value="0"/><variable_state variable="sys.d00_5" value="0"/><variable_state variable="sys.d01_2" value="0"/><variable_state variable="sys.d01_3" value="0"/><variable_state variable="sys.d01_4" value="0"/><variable_state variable="sys.d01_5" value="0"/><variable_state variable="sys.d01_6" value="0"/><variable_state variable="sys.ready_c" value="0"/><variable_state variable="sys.gIntrpt" value="0"/><variable_state variable="sys.guard_c" value="1"/><variable_state variable="sys.start" value="1"/><variable_state variable="sys.dp" value="6"/><variable_state variable="sys.tdeadline" value="0"/><variable_state variable="sys.tooHot_exch_ready" value="1"/><variable_state variable="sys.tock_exch_ready" value="0"/><variable_state variable="sys.turnOff_exch_ready" value="0"/><variable_state variable="sys.tooCold_exch_ready" value="0"/><variable_state variable="sys.itau_exch_ready" value="0"/><variable_state variable="sys.__reach__" value="0"/><variable_state variable="sys.__single__" value="0"/></variable_vector><variable_vector id="varvec.5"><variable_state variable="sys.ep_0_0" value="0"/><variable_state variable="sys.ep_00_1" value="0"/><variable_state variable="sys.ep_00_2" value="0"/><variable_state variable="sys.ep_00_3" value="0"/><variable_state variable="sys.ep_00_4" value="0"/><variable_state variable="sys.ep_00_5" value="0"/><variable_state variable="sys.ep_01_2" value="1"/><variable_state variable="sys.ep_01_3" value="1"/><variable_state variable="sys.ep_01_4" value="0"/><variable_state variable="sys.ep_01_5" value="0"/><variable_state variable="sys.ep_01_6" value="0"/><variable_state variable="sys.ep_FID0" value="0"/><variable_state variable="sys.ep_tooHot_sync" value="0"/><variable_state variable="sys.ep_tock_sync" value="0"/><variable_state variable="sys.ep_turnOff_sync" value="0"/><variable_state variable="sys.ep_tooCold_sync" value="0"/><variable_state variable="sys.tooHot_intrpt_guard" value="0"/><variable_state variable="sys.tock_intrpt_guard" value="0"/><variable_state variable="sys.turnOff_intrpt_guard" value="0"/><variable_state variable="sys.tooCold_intrpt_guard" value="0"/><variable_state variable="sys.d0_0" value="0"/><variable_state variable="sys.d00_1" value="0"/><variable_state variable="sys.d00_2" value="0"/><variable_state variable="sys.d00_3" value="0"/><variable_state variable="sys.d00_4" value="0"/><variable_state variable="sys.d00_5" value="0"/><variable_state variable="sys.d01_2" value="0"/><variable_state variable="sys.d01_3" value="0"/><variable_state variable="sys.d01_4" value="0"/><variable_state variable="sys.d01_5" value="0"/><variable_state variable="sys.d01_6" value="0"/><variable_state variable="sys.ready_c" value="0"/><variable_state variable="sys.gIntrpt" value="0"/><variable_state variable="sys.guard_c" value="1"/><variable_state variable="sys.start" value="1"/><variable_state variable="sys.dp" value="2"/><variable_state variable="sys.tdeadline" value="0"/><variable_state variable="sys.tooHot_exch_ready" value="1"/><variable_state variable="sys.tock_exch_ready" value="0"/><variable_state variable="sys.turnOff_exch_ready" value="0"/><variable_state variable="sys.tooCold_exch_ready" value="0"/><variable_state variable="sys.itau_exch_ready" value="0"/><variable_state variable="sys.__reach__" value="0"/><variable_state variable="sys.__single__" value="0"/></variable_vector><variable_vector id="varvec.8"><variable_state variable="sys.ep_0_0" value="0"/><variable_state variable="sys.ep_00_1" value="0"/><variable_state variable="sys.ep_00_2" value="0"/><variable_state variable="sys.ep_00_3" value="0"/><variable_state variable="sys.ep_00_4" value="0"/><variable_state variable="sys.ep_00_5" value="0"/><variable_state variable="sys.ep_01_2" value="1"/><variable_state variable="sys.ep_01_3" value="1"/><variable_state variable="sys.ep_01_4" value="1"/><variable_state variable="sys.ep_01_5" value="1"/><variable_state variable="sys.ep_01_6" value="0"/><variable_state variable="sys.ep_FID0" value="0"/><variable_state variable="sys.ep_tooHot_sync" value="0"/><variable_state variable="sys.ep_tock_sync" value="0"/><variable_state variable="sys.ep_turnOff_sync" value="0"/><variable_state variable="sys.ep_tooCold_sync" value="0"/><variable_state variable="sys.tooHot_intrpt_guard" value="0"/><variable_state variable="sys.tock_intrpt_guard" value="0"/><variable_state variable="sys.turnOff_intrpt_guard" value="0"/><variable_state variable="sys.tooCold_intrpt_guard" value="0"/><variable_state variable="sys.d0_0" value="0"/><variable_state variable="sys.d00_1" value="0"/><variable_state variable="sys.d00_2" value="0"/><variable_state variable="sys.d00_3" value="0"/><variable_state variable="sys.d00_4" value="0"/><variable_state variable="sys.d00_5" value="0"/><variable_state variable="sys.d01_2" value="0"/><variable_state variable="sys.d01_3" value="0"/><variable_state variable="sys.d01_4" value="0"/><variable_state variable="sys.d01_5" value="0"/><variable_state variable="sys.d01_6" value="0"/><variable_state variable="sys.ready_c" value="0"/><variable_state variable="sys.gIntrpt" value="0"/><variable_state variable="sys.guard_c" value="1"/><variable_state variable="sys.start" value="1"/><variable_state variable="sys.dp" value="5"/><variable_state variable="sys.tdeadline" value="0"/><variable_state variable="sys.tooHot_exch_ready" value="1"/><variable_state variable="sys.tock_exch_ready" value="0"/><variable_state variable="sys.turnOff_exch_ready" value="0"/><variable_state variable="sys.tooCold_exch_ready" value="0"/><variable_state variable="sys.itau_exch_ready" value="0"/><variable_state variable="sys.__reach__" value="0"/><variable_state variable="sys.__single__" value="0"/></variable_vector><node id="State12" location_vector="LocVec12" dbm_instance="DBM1 " variable_vector="varvec.7"/><node id="State5" location_vector="LocVec5" dbm_instance="DBM1 " variable_vector="varvec.3"/><node id="State14" location_vector="LocVec2" dbm_instance="DBM1 " variable_vector="varvec.7"/><node id="State10" location_vector="LocVec10" dbm_instance="DBM1 " variable_vector="varvec.6"/><node id="State18" location_vector="LocVec15" dbm_instance="DBM1 " variable_vector="varvec.8"/><node id="State2" location_vector="LocVec2" dbm_instance="DBM1 " variable_vector="varvec.2"/><node id="State9" location_vector="LocVec9" dbm_instance="DBM1 " variable_vector="varvec.5"/><node id="State3" location_vector="LocVec3" dbm_instance="DBM1 " variable_vector="varvec.2"/><node id="State23" location_vector="LocVec20" dbm_instance="DBM1 " variable_vector="varvec.10"/><node id="State13" location_vector="LocVec13" dbm_instance="DBM1 " variable_vector="varvec.7"/><node id="State6" location_vector="LocVec6" dbm_instance="DBM1 " variable_vector="varvec.4"/><node id="State20" location_vector="LocVec17" dbm_instance="DBM1 " variable_vector="varvec.9"/><node id="State21" location_vector="LocVec18" dbm_instance="DBM1 " variable_vector="varvec.9"/><node id="State24" location_vector="LocVec21" dbm_instance="DBM1 " variable_vector="varvec.11"/><node id="State11" location_vector="LocVec11" dbm_instance="DBM1 " variable_vector="varvec.6"/><node id="State19" location_vector="LocVec16" dbm_instance="DBM1 " variable_vector="varvec.8"/><node id="State25" location_vector="LocVec22" dbm_instance="DBM1 " variable_vector="varvec.11"/><node id="State1" location_vector="LocVec1" dbm_instance="DBM1 " variable_vector="varvec.1"/><node id="State26" location_vector="LocVec23" dbm_instance="DBM1 " variable_vector="varvec.11"/><node id="State7" location_vector="LocVec7" dbm_instance="DBM1 " variable_vector="varvec.4"/><node id="State4" location_vector="LocVec4" dbm_instance="DBM1 " variable_vector="varvec.2"/><node id="State17" location_vector="LocVec14" dbm_instance="DBM1 " variable_vector="varvec.7"/><node id="State22" location_vector="LocVec19" dbm_instance="DBM1 " variable_vector="varvec.10"/><node id="State8" location_vector="LocVec8" dbm_instance="DBM1 " variable_vector="varvec.5"/><node id="State15" location_vector="LocVec3" dbm_instance="DBM1 " variable_vector="varvec.7"/><node id="State16" location_vector="LocVec4" dbm_instance="DBM1 " variable_vector="varvec.7"/><dbm_instance id="DBM1"><clockbound clock1="sys.t(0)" clock2="sys.t(0)" bound="0" comp="&lt;="/><clockbound clock1="sys.t(0)" clock2="sys.ck" bound="0" comp="&lt;="/><clockbound clock1="sys.ck" clock2="sys.t(0)" bound="inf" comp="&lt;"/><clockbound clock1="sys.ck" clock2="sys.ck" bound="0" comp="&lt;="/></dbm_instance><transition from="State1" to="State2" edges="pEnv.Edge1 ptaExtCho0_0.Edge1 "/><transition from="State2" to="State3" edges="ptaExtCho0_0.Edge2 ptaPrefix00_1.Edge1 "/><transition from="State3" to="State4" edges="ptaExtCho0_0.Edge3 ptaPrefix01_2.Edge1 "/><transition from="State4" to="State5" edges="ptaPrefix01_2.Edge2 ptaPrefix00_1.Edge2 "/><transition from="State5" to="State6" edges="ptaPrefix01_2.Edge3 pEnv.Edge2 "/><transition from="State6" to="State7" edges="ptaPrefix01_2.Edge4 ptaPrefix01_3.Edge1 "/><transition from="State7" to="State8" edges="ptaPrefix01_3.Edge2 "/><transition from="State8" to="State9" edges="ptaPrefix01_3.Edge3 ptaPrefix01_4.Edge1 "/><transition from="State9" to="State10" edges="ptaPrefix01_4.Edge2 "/><transition from="State10" to="State11" edges="ptaPrefix01_4.Edge3 ptaPrefix01_5.Edge1 "/><transition from="State11" to="State12" edges="ptaPrefix01_5.Edge2 pEnv.Edge3 "/><transition from="State12" to="State13" edges="ptaPrefix01_5.Edge3 ptaNamedP01_6.Edge1 "/><transition from="State13" to="State14" edges="ptaNamedP01_6.Edge2 ptaExtCho0_0.Edge1 "/><transition from="State14" to="State15" edges="ptaExtCho0_0.Edge2 ptaPrefix00_1.Edge1 "/><transition from="State15" to="State16" edges="ptaExtCho0_0.Edge3 ptaPrefix01_2.Edge1 "/><transition from="State16" to="State17" edges="ptaPrefix01_2.Edge5 "/><transition from="State17" to="State18" edges="ptaPrefix01_2.Edge3 pEnv.Edge2 "/><transition from="State18" to="State19" edges="ptaPrefix01_2.Edge4 ptaPrefix01_3.Edge1 "/><transition from="State19" to="State20" edges="ptaPrefix01_3.Edge2 ptaPrefix00_1.Edge3 "/><transition from="State20" to="State21" edges="ptaPrefix01_3.Edge3 ptaPrefix01_4.Edge1 "/><transition from="State21" to="State22" edges="ptaPrefix01_4.Edge2 ptaPrefix00_1.Edge3 "/><transition from="State22" to="State23" edges="ptaPrefix01_4.Edge3 ptaPrefix01_5.Edge1 "/><transition from="State23" to="State24" edges="ptaPrefix01_5.Edge2 pEnv.Edge3 "/><transition from="State24" to="State25" edges="ptaPrefix01_5.Edge3 ptaNamedP01_6.Edge1 "/><transition from="State25" to="State26" edges="ptaNamedP01_6.Edge2 ptaExtCho0_0.Edge1 "/></trace>