<?xml version="1.0" encoding="UTF-8"?>
<trace trace_options="symbolic"><system><clock name="t(0)" id="sys.t(0)"/><clock name="ck" id="sys.ck"/><variable name="ep_0_0" id="sys.ep_0_0"/><variable name="ep_00_1" id="sys.ep_00_1"/><variable name="ep_00_2" id="sys.ep_00_2"/><variable name="ep_00_3" id="sys.ep_00_3"/><variable name="ep_00_4" id="sys.ep_00_4"/><variable name="ep_00_5" id="sys.ep_00_5"/><variable name="ep_01_2" id="sys.ep_01_2"/><variable name="ep_01_3" id="sys.ep_01_3"/><variable name="ep_01_4" id="sys.ep_01_4"/><variable name="ep_01_5" id="sys.ep_01_5"/><variable name="ep_01_6" id="sys.ep_01_6"/><variable name="ep_FID0" id="sys.ep_FID0"/><variable name="ep_tooHot_sync" id="sys.ep_tooHot_sync"/><variable name="ep_tock_sync" id="sys.ep_tock_sync"/><variable name="ep_turnOff_sync" id="sys.ep_turnOff_sync"/><variable name="ep_tooCold_sync" id="sys.ep_tooCold_sync"/><variable name="tooHot_intrpt_guard" id="sys.tooHot_intrpt_guard"/><variable name="tock_intrpt_guard" id="sys.tock_intrpt_guard"/><variable name="turnOff_intrpt_guard" id="sys.turnOff_intrpt_guard"/><variable name="tooCold_intrpt_guard" id="sys.tooCold_intrpt_guard"/><variable name="d0_0" id="sys.d0_0"/><variable name="d00_1" id="sys.d00_1"/><variable name="d00_2" id="sys.d00_2"/><variable name="d00_3" id="sys.d00_3"/><variable name="d00_4" id="sys.d00_4"/><variable name="d00_5" id="sys.d00_5"/><variable name="d01_2" id="sys.d01_2"/><variable name="d01_3" id="sys.d01_3"/><variable name="d01_4" id="sys.d01_4"/><variable name="d01_5" id="sys.d01_5"/><variable name="d01_6" id="sys.d01_6"/><variable name="ready_c" id="sys.ready_c"/><variable name="gIntrpt" id="sys.gIntrpt"/><variable name="guard_c" id="sys.guard_c"/><variable name="start" id="sys.start"/><variable name="dp" id="sys.dp"/><variable name="tdeadline" id="sys.tdeadline"/><variable name="tooHot_exch_ready" id="sys.tooHot_exch_ready"/><variable name="tock_exch_ready" id="sys.tock_exch_ready"/><variable name="turnOff_exch_ready" id="sys.turnOff_exch_ready"/><variable name="tooCold_exch_ready" id="sys.tooCold_exch_ready"/><variable name="itau_exch_ready" id="sys.itau_exch_ready"/><variable name="__reach__" id="sys.__reach__"/><variable name="__single__" id="sys.__single__"/><process id="pEnv" name="pEnv"/><process id="ptaExtCho0_0" name="ptaExtCho0_0"/><process id="ptaPrefix00_1" name="ptaPrefix00_1"/><process id="ptaPrefix00_2" name="ptaPrefix00_2"/><process id="ptaPrefix00_3" name="ptaPrefix00_3"/><process id="ptaPrefix00_4" name="ptaPrefix00_4"/><process id="ptaNamedP00_5" name="ptaNamedP00_5"/><process id="ptaPrefix01_2" name="ptaPrefix01_2"/><process id="ptaPrefix01_3" name="ptaPrefix01_3"/><process id="ptaPrefix01_4" name="ptaPrefix01_4"/><process id="ptaPrefix01_5" name="ptaPrefix01_5"/><process id="ptaNamedP01_6" name="ptaNamedP01_6"/><process id="pSyncTA" name="pSyncTA"/></system></trace>