{ "copyright_notice": "FDR Version 4.2.4 copyright 2016 Oxford University Innovation Ltd. All Rights Reserved.","license_type": "Academic license for non-commercial use only","results": [{ "assertion_string": "p2_A ; itick -> STOP\n    [T= prioritise(p2_At, <{}, {mark}, {itick, tick}, {tock}>)","errors": [],"is_negated": 0,"result": 1,"visited_states": 9,"visited_transitions": 10,"visited_plys": 5,"counterexamples": []}],"print_statement_results": [],"file_name": "GenFiles\/p2_A\/FDR\/p2_A_s3\/p2_A_s3.csp","event_map": {},"warnings": [],"errors": []}