{ "copyright_notice": "FDR Version 4.2.4 copyright 2016 Oxford University Innovation Ltd. All Rights Reserved.","license_type": "Academic license for non-commercial use only","results": [{ "assertion_string": "p6_5 ; itick -> STOP [] tp01\n    [T= prioritise(p6_5t, <{}, {mark}, {itick, tick}, {tock}>)","errors": [],"is_negated": 0,"result": 1,"visited_states": 5,"visited_transitions": 5,"visited_plys": 3,"counterexamples": []}],"print_statement_results": [],"file_name": "GenFiles\/p6_5\/FDR\/p6_5_s1\/p6_5_s1.csp","event_map": {},"warnings": [],"errors": []}