{ "copyright_notice": "FDR Version 4.2.4 copyright 2016 Oxford University Innovation Ltd. All Rights Reserved.","license_type": "Academic license for non-commercial use only","results": [{ "assertion_string": "p5_H ; itick -> STOP [] tp01\n    [T= prioritise(p5_Ht, <{}, {mark}, {itick, tick}, {tock}>)","errors": [],"is_negated": 0,"result": 1,"visited_states": 4,"visited_transitions": 5,"visited_plys": 4,"counterexamples": []}],"print_statement_results": [],"file_name": "GenFiles\/p5_H\/FDR\/p5_H_s1\/p5_H_s1.csp","event_map": {},"warnings": [],"errors": []}