{ "copyright_notice": "FDR Version 4.2.4 copyright 2016 Oxford University Innovation Ltd. All Rights Reserved.","license_type": "Academic license for non-commercial use only","results": [{ "assertion_string": "pC_2 ; itick -> STOP [] tp01\n    [T= prioritise(pC_2t, <{}, {mark}, {itick, tick}, {tock}>)","errors": [],"is_negated": 0,"result": 1,"visited_states": 3,"visited_transitions": 3,"visited_plys": 3,"counterexamples": []}],"print_statement_results": [],"file_name": "GenFiles\/pC_2\/FDR\/pC_2_s1\/pC_2_s1.csp","event_map": {},"warnings": [],"errors": []}