{ "copyright_notice": "FDR Version 4.2.4 copyright 2016 Oxford University Innovation Ltd. All Rights Reserved.","license_type": "Academic license for non-commercial use only","results": [{ "assertion_string": "p3_F ; itick -> STOP [] tp01\n    [T= prioritise(p3_Ft, <{}, {mark}, {itick, tick}, {tock}>)","errors": [],"is_negated": 0,"result": 1,"visited_states": 18,"visited_transitions": 22,"visited_plys": 5,"counterexamples": []}],"print_statement_results": [],"file_name": "GenFiles\/p3_F\/FDR\/p3_F_s2\/p3_F_s2.csp","event_map": {},"warnings": [],"errors": []}