{ "copyright_notice": "FDR Version 4.2.4 copyright 2016 Oxford University Innovation Ltd. All Rights Reserved.","license_type": "Academic license for non-commercial use only","results": [{ "assertion_string": "p2_J ; itick -> STOP [] tp01\n    [T= prioritise(p2_Jt, <{}, {mark}, {itick, tick}, {tock}>)","errors": [],"is_negated": 0,"result": 1,"visited_states": 11,"visited_transitions": 11,"visited_plys": 7,"counterexamples": []}],"print_statement_results": [],"file_name": "GenFiles\/p2_J\/FDR\/p2_J_s3\/p2_J_s3.csp","event_map": {},"warnings": [],"errors": []}