{ "copyright_notice": "FDR Version 4.2.4 copyright 2016 Oxford University Innovation Ltd. All Rights Reserved.","license_type": "Academic license for non-commercial use only","results": [{ "assertion_string": "p9_J ; itick -> STOP [] tp01\n    [T= prioritise(p9_Jt, <{}, {mark}, {itick, tick}, {tock}>)","errors": [],"is_negated": 0,"result": 1,"visited_states": 6,"visited_transitions": 6,"visited_plys": 5,"counterexamples": []}],"print_statement_results": [],"file_name": "GenFiles\/p9_J\/FDR\/p9_J_s1\/p9_J_s1.csp","event_map": {},"warnings": [],"errors": []}