<?xml version="1.0" encoding="utf-8"?> 
<!DOCTYPE nta PUBLIC '-//Uppaal Team//DTD Flat System 1.1//EN' 'http://www.it.uu.se/research/group/darts/uppaal/flat-1_2.dtd'>

<nta>
<declaration>
  chan tick, iitick, itau, startID0_0, startID00_1, startID000_2, startID000_3, startID0013, startID0010_4, startID0010_5, startID0010_6, startID0011_5, startID0011_6, startID012, startID010_3, startID010_4, startID010_5, startID011_4, startID0110_5, startID0110_6, startID01116, startID01110_7, startID01110_8, startID01110_9, startID01111_8, startID01111_9, startID, startIDp9_D, startExcp0, startExcp1, startExcp2, startExcp3, startExcp4, startExcp5, startExcp6, startExcp7, startExcp8, startExcp9, startExcp10, startExcp11, startExcp12, startExcp13, startExcp14, startExcp15, finishID0, finishID1, finishID2, finishID3, finishID4, finishID5, finishID6, finishID7, finishID8, finishID9, finishID10, finishID11, finishID12, finishID13, finishID14, finishID15, e1_intrpt, e2_intrpt, e1, e2;
broadcast  chan tock, e1_exch, e2_exch, itau_exch;
  clock ck;
  bool ep_0_0 = 0, ep_00_1 = 0, ep_000_2 = 0, ep_000_3 = 0, ep_0013 = 0, ep_0010_4 = 0, ep_0010_5 = 0, ep_0010_6 = 0, ep_0011_5 = 0, ep_0011_6 = 0, ep_012 = 0, ep_010_3 = 0, ep_010_4 = 0, ep_010_5 = 0, ep_011_4 = 0, ep_0110_5 = 0, ep_0110_6 = 0, ep_01116 = 0, ep_01110_7 = 0, ep_01110_8 = 0, ep_01110_9 = 0, ep_01111_8 = 0, ep_01111_9 = 0, ep_FID0 = 0, ep_e1_sync = 0, ep_e2_sync = 0, e1_intrpt_guard = 0, e2_intrpt_guard = 0;
  int d0_0 = 0, d00_1 = 0, d000_2 = 0, d000_3 = 0, d0013 = 0, d0010_4 = 0, d0010_5 = 0, d0010_6 = 0, d0011_5 = 0, d0011_6 = 0, d012 = 0, d010_3 = 0, d010_4 = 0, d010_5 = 0, d011_4 = 0, d0110_5 = 0, d0110_6 = 0, d01116 = 0, d01110_7 = 0, d01110_8 = 0, d01110_9 = 0, d01111_8 = 0, d01111_9 = 0, ready_c = 0, gIntrpt = 0, guard_c = 1, start = 0, dp = 0, tdeadline = 0, e1_exch_ready, e2_exch_ready, itau_exch_ready;
 int __reach__  = 0, __single__  = 0;     
// Needed for Uppaal to work correctly in the verification of reachability
</declaration>
// template for Env begins 

 <template>
 <name> Env</name> 

 <parameter> </parameter>

 <declaration>

</declaration>

<location id="taEnv" >   
<name> taEnv</name>


</location> 

<init ref="taEnv"/>

<transition>
<source ref="taEnv"/>
<target ref="taEnv"/>
<label kind="synchronisation"> e1?</label>
</transition> 


<transition>
<source ref="taEnv"/>
<target ref="taEnv"/>
<label kind="synchronisation"> e2?</label>
</transition> 


<transition>
<source ref="taEnv"/>
<target ref="taEnv"/>
<label kind="synchronisation"> startID0_0!</label>
<label kind="guard"> start==0 </label>
<label kind="assignment">start=1 </label>
</transition> 


<transition>
<source ref="taEnv"/>
<target ref="taEnv"/>
<label kind="synchronisation"> startIDp9_D!</label>
<label kind="guard"> start==0 </label>
<label kind="assignment">start=1 </label>
</transition> 


<transition>
<source ref="taEnv"/>
<target ref="taEnv"/>
<label kind="synchronisation"> finishID0?</label>
<label kind="assignment">dp+=1, ep_FID0=true </label>
</transition> 


<transition>
<source ref="taEnv"/>
<target ref="taEnv"/>
<label kind="synchronisation"> tick?</label>
</transition> 


<transition>
<source ref="taEnv"/>
<target ref="taEnv"/>
<label kind="synchronisation"> iitick?</label>
</transition> 


<transition>
<source ref="taEnv"/>
<target ref="taEnv"/>
<label kind="synchronisation"> itau?</label>
</transition> 


<transition>
<source ref="taEnv"/>
<target ref="taEnv"/>
<label kind="synchronisation"> tock!</label>
<label kind="guard"> ck&lt;=1 </label>
<label kind="assignment">ck=0 </label>
</transition> 
 </template> 
// template for Env ends

// template for taIntCho0_0 begins 

 <template>
 <name> taIntCho0_0</name> 

 <parameter> </parameter>

 <declaration>

</declaration>

<location id="id1" >   
<name> s1</name>


</location> 

<location id="id2" >   
<name> s2</name>

<committed/>
</location> 

<location id="id3" >   
<name> s3</name>

<committed/>
</location> 

<location id="id4" >   
<name> s4</name>

<committed/>
</location> 

<init ref="id1"/>

<transition>
<source ref="id1"/>
<target ref="id2"/>
<label kind="synchronisation"> startIDp9_D?</label>
</transition> 


<transition>
<source ref="id2"/>
<target ref="id3"/>

</transition> 


<transition>
<source ref="id2"/>
<target ref="id4"/>

</transition> 


<transition>
<source ref="id3"/>
<target ref="id1"/>
<label kind="synchronisation"> startID00_1!</label>
</transition> 


<transition>
<source ref="id4"/>
<target ref="id1"/>
<label kind="synchronisation"> startID01_2!</label>
</transition> 
 </template> 
// template for taIntCho0_0 ends

// template for taIntCho00_1 begins 

 <template>
 <name> taIntCho00_1</name> 

 <parameter> </parameter>

 <declaration>

</declaration>

<location id="id1" >   
<name> s1</name>


</location> 

<location id="id2" >   
<name> s2</name>

<committed/>
</location> 

<location id="id3" >   
<name> s3</name>

<committed/>
</location> 

<location id="id4" >   
<name> s4</name>

<committed/>
</location> 

<init ref="id1"/>

<transition>
<source ref="id1"/>
<target ref="id2"/>
<label kind="synchronisation"> startID00_1?</label>
</transition> 


<transition>
<source ref="id2"/>
<target ref="id3"/>

</transition> 


<transition>
<source ref="id2"/>
<target ref="id4"/>

</transition> 


<transition>
<source ref="id3"/>
<target ref="id1"/>
<label kind="synchronisation"> startID000_2!</label>
</transition> 


<transition>
<source ref="id4"/>
<target ref="id1"/>
<label kind="synchronisation"> startID001_3!</label>
</transition> 
 </template> 
// template for taIntCho00_1 ends

// template for taPrefix000_2 begins 

 <template>
 <name> taPrefix000_2</name> 

 <parameter> </parameter>

 <declaration>

</declaration>

<location id="id1" >   
<name> s1</name>


</location> 

<location id="id2" >   
<name> s2</name>


</location> 

<location id="id5" >   
<name> s5</name>

<committed/>
</location> 

<init ref="id1"/>

<transition>
<source ref="id1"/>
<target ref="id2"/>
<label kind="synchronisation"> startID000_2?</label>
</transition> 


<transition>
<source ref="id2"/>
<target ref="id5"/>
<label kind="synchronisation"> e1!</label>
<label kind="assignment">dp+=1, ep_000_2=true </label>
</transition> 


<transition>
<source ref="id5"/>
<target ref="id1"/>
<label kind="synchronisation"> startID000_3!</label>
</transition> 


<transition>
<source ref="id2"/>
<target ref="id2"/>
<label kind="synchronisation"> tock?</label>
</transition> 
 </template> 
// template for taPrefix000_2 ends

// template for taWait_n000_3 begins 

 <template>
 <name> taWait_n000_3</name> 

 <parameter> </parameter>

 <declaration>

</declaration>

<location id="id1" >   
<name> s1</name>


</location> 

<location id="id2" >   
<name> s2</name>


</location> 

<location id="id3" >   
<name> s3</name>

<committed/>
</location> 

<init ref="id1"/>

<transition>
<source ref="id1"/>
<target ref="id2"/>
<label kind="synchronisation"> startID000_3?</label>
</transition> 


<transition>
<source ref="id2"/>
<target ref="id2"/>
<label kind="synchronisation"> tock?</label>
</transition> 


<transition>
<source ref="id2"/>
<target ref="id3"/>
<label kind="synchronisation"> tick!</label>
</transition> 


<transition>
<source ref="id3"/>
<target ref="id1"/>
<label kind="synchronisation"> finishID0!</label>
</transition> 
 </template> 
// template for taWait_n000_3 ends

// template for taSequen0013 begins 

 <template>
 <name> taSequen0013</name> 

 <parameter> </parameter>

 <declaration>

</declaration>

<location id="id1" >   
<name> s1</name>


</location> 

<location id="id2" >   
<name> s2</name>

<committed/>
</location> 

<location id="id3" >   
<name> s3</name>


</location> 

<location id="id4" >   
<name> s4</name>

<committed/>
</location> 

<init ref="id1"/>

<transition>
<source ref="id1"/>
<target ref="id2"/>
<label kind="synchronisation"> startID001_3?</label>
</transition> 


<transition>
<source ref="id2"/>
<target ref="id3"/>
<label kind="synchronisation"> startID0010_4!</label>
</transition> 


<transition>
<source ref="id3"/>
<target ref="id4"/>
<label kind="synchronisation"> finishID1?</label>
</transition> 


<transition>
<source ref="id4"/>
<target ref="id1"/>
<label kind="synchronisation"> startID0011_5!</label>
</transition> 
 </template> 
// template for taSequen0013 ends

// template for taPrefix0010_4 begins 

 <template>
 <name> taPrefix0010_4</name> 

 <parameter> </parameter>

 <declaration>

</declaration>

<location id="id1" >   
<name> s1</name>


</location> 

<location id="id2" >   
<name> s2</name>


</location> 

<location id="id5" >   
<name> s5</name>

<committed/>
</location> 

<init ref="id1"/>

<transition>
<source ref="id1"/>
<target ref="id2"/>
<label kind="synchronisation"> startID0010_4?</label>
</transition> 


<transition>
<source ref="id2"/>
<target ref="id5"/>
<label kind="synchronisation"> tock?</label>
<label kind="assignment">dp+=1, ep_0010_4=true </label>
</transition> 


<transition>
<source ref="id5"/>
<target ref="id1"/>
<label kind="synchronisation"> startID0010_5!</label>
</transition> 


<transition>
<source ref="id2"/>
<target ref="id2"/>
<label kind="synchronisation"> tock?</label>
</transition> 
 </template> 
// template for taPrefix0010_4 ends

// template for taPrefix0010_5 begins 

 <template>
 <name> taPrefix0010_5</name> 

 <parameter> </parameter>

 <declaration>

</declaration>

<location id="id1" >   
<name> s1</name>


</location> 

<location id="id2" >   
<name> s2</name>


</location> 

<location id="id5" >   
<name> s5</name>

<committed/>
</location> 

<init ref="id1"/>

<transition>
<source ref="id1"/>
<target ref="id2"/>
<label kind="synchronisation"> startID0010_5?</label>
</transition> 


<transition>
<source ref="id2"/>
<target ref="id5"/>
<label kind="synchronisation"> tock?</label>
<label kind="assignment">dp+=1, ep_0010_5=true </label>
</transition> 


<transition>
<source ref="id5"/>
<target ref="id1"/>
<label kind="synchronisation"> startID0010_6!</label>
</transition> 


<transition>
<source ref="id2"/>
<target ref="id2"/>
<label kind="synchronisation"> tock?</label>
</transition> 
 </template> 
// template for taPrefix0010_5 ends

// template for taWait_n0010_6 begins 

 <template>
 <name> taWait_n0010_6</name> 

 <parameter> </parameter>

 <declaration>

</declaration>

<location id="id1" >   
<name> s1</name>


</location> 

<location id="id2" >   
<name> s2</name>


</location> 

<location id="id3" >   
<name> s3</name>

<committed/>
</location> 

<init ref="id1"/>

<transition>
<source ref="id1"/>
<target ref="id2"/>
<label kind="synchronisation"> startID0010_6?</label>
</transition> 


<transition>
<source ref="id2"/>
<target ref="id2"/>
<label kind="synchronisation"> tock?</label>
</transition> 


<transition>
<source ref="id2"/>
<target ref="id3"/>
<label kind="synchronisation"> tick!</label>
</transition> 


<transition>
<source ref="id3"/>
<target ref="id1"/>
<label kind="synchronisation"> finishID1!</label>
</transition> 
 </template> 
// template for taWait_n0010_6 ends

// template for taPrefix0011_5 begins 

 <template>
 <name> taPrefix0011_5</name> 

 <parameter> </parameter>

 <declaration>

</declaration>

<location id="id1" >   
<name> s1</name>


</location> 

<location id="id2" >   
<name> s2</name>


</location> 

<location id="id5" >   
<name> s5</name>

<committed/>
</location> 

<init ref="id1"/>

<transition>
<source ref="id1"/>
<target ref="id2"/>
<label kind="synchronisation"> startID0011_5?</label>
</transition> 


<transition>
<source ref="id2"/>
<target ref="id5"/>
<label kind="synchronisation"> e2!</label>
<label kind="assignment">dp+=1, ep_0011_5=true </label>
</transition> 


<transition>
<source ref="id5"/>
<target ref="id1"/>
<label kind="synchronisation"> startID0011_6!</label>
</transition> 


<transition>
<source ref="id2"/>
<target ref="id2"/>
<label kind="synchronisation"> tock?</label>
</transition> 
 </template> 
// template for taPrefix0011_5 ends

// template for taWait_n0011_6 begins 

 <template>
 <name> taWait_n0011_6</name> 

 <parameter> </parameter>

 <declaration>

</declaration>

<location id="id1" >   
<name> s1</name>


</location> 

<location id="id2" >   
<name> s2</name>


</location> 

<location id="id3" >   
<name> s3</name>

<committed/>
</location> 

<init ref="id1"/>

<transition>
<source ref="id1"/>
<target ref="id2"/>
<label kind="synchronisation"> startID0011_6?</label>
</transition> 


<transition>
<source ref="id2"/>
<target ref="id2"/>
<label kind="synchronisation"> tock?</label>
</transition> 


<transition>
<source ref="id2"/>
<target ref="id3"/>
<label kind="synchronisation"> tick!</label>
</transition> 


<transition>
<source ref="id3"/>
<target ref="id1"/>
<label kind="synchronisation"> finishID0!</label>
</transition> 
 </template> 
// template for taWait_n0011_6 ends

// template for taSequen012 begins 

 <template>
 <name> taSequen012</name> 

 <parameter> </parameter>

 <declaration>

</declaration>

<location id="id1" >   
<name> s1</name>


</location> 

<location id="id2" >   
<name> s2</name>

<committed/>
</location> 

<location id="id3" >   
<name> s3</name>


</location> 

<location id="id4" >   
<name> s4</name>

<committed/>
</location> 

<init ref="id1"/>

<transition>
<source ref="id1"/>
<target ref="id2"/>
<label kind="synchronisation"> startID01_2?</label>
</transition> 


<transition>
<source ref="id2"/>
<target ref="id3"/>
<label kind="synchronisation"> startID010_3!</label>
</transition> 


<transition>
<source ref="id3"/>
<target ref="id4"/>
<label kind="synchronisation"> finishID1?</label>
</transition> 


<transition>
<source ref="id4"/>
<target ref="id1"/>
<label kind="synchronisation"> startID011_4!</label>
</transition> 
 </template> 
// template for taSequen012 ends

// template for taPrefix010_3 begins 

 <template>
 <name> taPrefix010_3</name> 

 <parameter> </parameter>

 <declaration>

</declaration>

<location id="id1" >   
<name> s1</name>


</location> 

<location id="id2" >   
<name> s2</name>


</location> 

<location id="id5" >   
<name> s5</name>

<committed/>
</location> 

<init ref="id1"/>

<transition>
<source ref="id1"/>
<target ref="id2"/>
<label kind="synchronisation"> startID010_3?</label>
</transition> 


<transition>
<source ref="id2"/>
<target ref="id5"/>
<label kind="synchronisation"> tock?</label>
<label kind="assignment">dp+=1, ep_010_3=true </label>
</transition> 


<transition>
<source ref="id5"/>
<target ref="id1"/>
<label kind="synchronisation"> startID010_4!</label>
</transition> 


<transition>
<source ref="id2"/>
<target ref="id2"/>
<label kind="synchronisation"> tock?</label>
</transition> 
 </template> 
// template for taPrefix010_3 ends

// template for taPrefix010_4 begins 

 <template>
 <name> taPrefix010_4</name> 

 <parameter> </parameter>

 <declaration>

</declaration>

<location id="id1" >   
<name> s1</name>


</location> 

<location id="id2" >   
<name> s2</name>


</location> 

<location id="id5" >   
<name> s5</name>

<committed/>
</location> 

<init ref="id1"/>

<transition>
<source ref="id1"/>
<target ref="id2"/>
<label kind="synchronisation"> startID010_4?</label>
</transition> 


<transition>
<source ref="id2"/>
<target ref="id5"/>
<label kind="synchronisation"> tock?</label>
<label kind="assignment">dp+=1, ep_010_4=true </label>
</transition> 


<transition>
<source ref="id5"/>
<target ref="id1"/>
<label kind="synchronisation"> startID010_5!</label>
</transition> 


<transition>
<source ref="id2"/>
<target ref="id2"/>
<label kind="synchronisation"> tock?</label>
</transition> 
 </template> 
// template for taPrefix010_4 ends

// template for taWait_n010_5 begins 

 <template>
 <name> taWait_n010_5</name> 

 <parameter> </parameter>

 <declaration>

</declaration>

<location id="id1" >   
<name> s1</name>


</location> 

<location id="id2" >   
<name> s2</name>


</location> 

<location id="id3" >   
<name> s3</name>

<committed/>
</location> 

<init ref="id1"/>

<transition>
<source ref="id1"/>
<target ref="id2"/>
<label kind="synchronisation"> startID010_5?</label>
</transition> 


<transition>
<source ref="id2"/>
<target ref="id2"/>
<label kind="synchronisation"> tock?</label>
</transition> 


<transition>
<source ref="id2"/>
<target ref="id3"/>
<label kind="synchronisation"> tick!</label>
</transition> 


<transition>
<source ref="id3"/>
<target ref="id1"/>
<label kind="synchronisation"> finishID1!</label>
</transition> 
 </template> 
// template for taWait_n010_5 ends

// template for taIntCho011_4 begins 

 <template>
 <name> taIntCho011_4</name> 

 <parameter> </parameter>

 <declaration>

</declaration>

<location id="id1" >   
<name> s1</name>


</location> 

<location id="id2" >   
<name> s2</name>

<committed/>
</location> 

<location id="id3" >   
<name> s3</name>

<committed/>
</location> 

<location id="id4" >   
<name> s4</name>

<committed/>
</location> 

<init ref="id1"/>

<transition>
<source ref="id1"/>
<target ref="id2"/>
<label kind="synchronisation"> startID011_4?</label>
</transition> 


<transition>
<source ref="id2"/>
<target ref="id3"/>

</transition> 


<transition>
<source ref="id2"/>
<target ref="id4"/>

</transition> 


<transition>
<source ref="id3"/>
<target ref="id1"/>
<label kind="synchronisation"> startID0110_5!</label>
</transition> 


<transition>
<source ref="id4"/>
<target ref="id1"/>
<label kind="synchronisation"> startID0111_6!</label>
</transition> 
 </template> 
// template for taIntCho011_4 ends

// template for taPrefix0110_5 begins 

 <template>
 <name> taPrefix0110_5</name> 

 <parameter> </parameter>

 <declaration>

</declaration>

<location id="id1" >   
<name> s1</name>


</location> 

<location id="id2" >   
<name> s2</name>


</location> 

<location id="id5" >   
<name> s5</name>

<committed/>
</location> 

<init ref="id1"/>

<transition>
<source ref="id1"/>
<target ref="id2"/>
<label kind="synchronisation"> startID0110_5?</label>
</transition> 


<transition>
<source ref="id2"/>
<target ref="id5"/>
<label kind="synchronisation"> e1!</label>
<label kind="assignment">dp+=1, ep_0110_5=true </label>
</transition> 


<transition>
<source ref="id5"/>
<target ref="id1"/>
<label kind="synchronisation"> startID0110_6!</label>
</transition> 


<transition>
<source ref="id2"/>
<target ref="id2"/>
<label kind="synchronisation"> tock?</label>
</transition> 
 </template> 
// template for taPrefix0110_5 ends

// template for taWait_n0110_6 begins 

 <template>
 <name> taWait_n0110_6</name> 

 <parameter> </parameter>

 <declaration>

</declaration>

<location id="id1" >   
<name> s1</name>


</location> 

<location id="id2" >   
<name> s2</name>


</location> 

<location id="id3" >   
<name> s3</name>

<committed/>
</location> 

<init ref="id1"/>

<transition>
<source ref="id1"/>
<target ref="id2"/>
<label kind="synchronisation"> startID0110_6?</label>
</transition> 


<transition>
<source ref="id2"/>
<target ref="id2"/>
<label kind="synchronisation"> tock?</label>
</transition> 


<transition>
<source ref="id2"/>
<target ref="id3"/>
<label kind="synchronisation"> tick!</label>
</transition> 


<transition>
<source ref="id3"/>
<target ref="id1"/>
<label kind="synchronisation"> finishID0!</label>
</transition> 
 </template> 
// template for taWait_n0110_6 ends

// template for taSequen01116 begins 

 <template>
 <name> taSequen01116</name> 

 <parameter> </parameter>

 <declaration>

</declaration>

<location id="id1" >   
<name> s1</name>


</location> 

<location id="id2" >   
<name> s2</name>

<committed/>
</location> 

<location id="id3" >   
<name> s3</name>


</location> 

<location id="id4" >   
<name> s4</name>

<committed/>
</location> 

<init ref="id1"/>

<transition>
<source ref="id1"/>
<target ref="id2"/>
<label kind="synchronisation"> startID0111_6?</label>
</transition> 


<transition>
<source ref="id2"/>
<target ref="id3"/>
<label kind="synchronisation"> startID01110_7!</label>
</transition> 


<transition>
<source ref="id3"/>
<target ref="id4"/>
<label kind="synchronisation"> finishID1?</label>
</transition> 


<transition>
<source ref="id4"/>
<target ref="id1"/>
<label kind="synchronisation"> startID01111_8!</label>
</transition> 
 </template> 
// template for taSequen01116 ends

// template for taPrefix01110_7 begins 

 <template>
 <name> taPrefix01110_7</name> 

 <parameter> </parameter>

 <declaration>

</declaration>

<location id="id1" >   
<name> s1</name>


</location> 

<location id="id2" >   
<name> s2</name>


</location> 

<location id="id5" >   
<name> s5</name>

<committed/>
</location> 

<init ref="id1"/>

<transition>
<source ref="id1"/>
<target ref="id2"/>
<label kind="synchronisation"> startID01110_7?</label>
</transition> 


<transition>
<source ref="id2"/>
<target ref="id5"/>
<label kind="synchronisation"> tock?</label>
<label kind="assignment">dp+=1, ep_01110_7=true </label>
</transition> 


<transition>
<source ref="id5"/>
<target ref="id1"/>
<label kind="synchronisation"> startID01110_8!</label>
</transition> 


<transition>
<source ref="id2"/>
<target ref="id2"/>
<label kind="synchronisation"> tock?</label>
</transition> 
 </template> 
// template for taPrefix01110_7 ends

// template for taPrefix01110_8 begins 

 <template>
 <name> taPrefix01110_8</name> 

 <parameter> </parameter>

 <declaration>

</declaration>

<location id="id1" >   
<name> s1</name>


</location> 

<location id="id2" >   
<name> s2</name>


</location> 

<location id="id5" >   
<name> s5</name>

<committed/>
</location> 

<init ref="id1"/>

<transition>
<source ref="id1"/>
<target ref="id2"/>
<label kind="synchronisation"> startID01110_8?</label>
</transition> 


<transition>
<source ref="id2"/>
<target ref="id5"/>
<label kind="synchronisation"> tock?</label>
<label kind="assignment">dp+=1, ep_01110_8=true </label>
</transition> 


<transition>
<source ref="id5"/>
<target ref="id1"/>
<label kind="synchronisation"> startID01110_9!</label>
</transition> 


<transition>
<source ref="id2"/>
<target ref="id2"/>
<label kind="synchronisation"> tock?</label>
</transition> 
 </template> 
// template for taPrefix01110_8 ends

// template for taWait_n01110_9 begins 

 <template>
 <name> taWait_n01110_9</name> 

 <parameter> </parameter>

 <declaration>

</declaration>

<location id="id1" >   
<name> s1</name>


</location> 

<location id="id2" >   
<name> s2</name>


</location> 

<location id="id3" >   
<name> s3</name>

<committed/>
</location> 

<init ref="id1"/>

<transition>
<source ref="id1"/>
<target ref="id2"/>
<label kind="synchronisation"> startID01110_9?</label>
</transition> 


<transition>
<source ref="id2"/>
<target ref="id2"/>
<label kind="synchronisation"> tock?</label>
</transition> 


<transition>
<source ref="id2"/>
<target ref="id3"/>
<label kind="synchronisation"> tick!</label>
</transition> 


<transition>
<source ref="id3"/>
<target ref="id1"/>
<label kind="synchronisation"> finishID1!</label>
</transition> 
 </template> 
// template for taWait_n01110_9 ends

// template for taPrefix01111_8 begins 

 <template>
 <name> taPrefix01111_8</name> 

 <parameter> </parameter>

 <declaration>

</declaration>

<location id="id1" >   
<name> s1</name>


</location> 

<location id="id2" >   
<name> s2</name>


</location> 

<location id="id5" >   
<name> s5</name>

<committed/>
</location> 

<init ref="id1"/>

<transition>
<source ref="id1"/>
<target ref="id2"/>
<label kind="synchronisation"> startID01111_8?</label>
</transition> 


<transition>
<source ref="id2"/>
<target ref="id5"/>
<label kind="synchronisation"> e2!</label>
<label kind="assignment">dp+=1, ep_01111_8=true </label>
</transition> 


<transition>
<source ref="id5"/>
<target ref="id1"/>
<label kind="synchronisation"> startID01111_9!</label>
</transition> 


<transition>
<source ref="id2"/>
<target ref="id2"/>
<label kind="synchronisation"> tock?</label>
</transition> 
 </template> 
// template for taPrefix01111_8 ends

// template for taWait_n01111_9 begins 

 <template>
 <name> taWait_n01111_9</name> 

 <parameter> </parameter>

 <declaration>

</declaration>

<location id="id1" >   
<name> s1</name>


</location> 

<location id="id2" >   
<name> s2</name>


</location> 

<location id="id3" >   
<name> s3</name>

<committed/>
</location> 

<init ref="id1"/>

<transition>
<source ref="id1"/>
<target ref="id2"/>
<label kind="synchronisation"> startID01111_9?</label>
</transition> 


<transition>
<source ref="id2"/>
<target ref="id2"/>
<label kind="synchronisation"> tock?</label>
</transition> 


<transition>
<source ref="id2"/>
<target ref="id3"/>
<label kind="synchronisation"> tick!</label>
</transition> 


<transition>
<source ref="id3"/>
<target ref="id1"/>
<label kind="synchronisation"> finishID0!</label>
</transition> 
 </template> 
// template for taWait_n01111_9 ends

// template for SyncTA begins 

 <template>
 <name> SyncTA</name> 

 <parameter> </parameter>

 <declaration>

</declaration>

<location id="SyncPoint" >   
<name> SyncPoint</name>


</location> 

<init ref="SyncPoint"/>
 </template> 
// template for SyncTA ends


<system>
pEnv = Env();
ptaIntCho0_0 = taIntCho0_0();
ptaIntCho00_1 = taIntCho00_1();
ptaPrefix000_2 = taPrefix000_2();
ptaWait_n000_3 = taWait_n000_3();
ptaSequen0013 = taSequen0013();
ptaPrefix0010_4 = taPrefix0010_4();
ptaPrefix0010_5 = taPrefix0010_5();
ptaWait_n0010_6 = taWait_n0010_6();
ptaPrefix0011_5 = taPrefix0011_5();
ptaWait_n0011_6 = taWait_n0011_6();
ptaSequen012 = taSequen012();
ptaPrefix010_3 = taPrefix010_3();
ptaPrefix010_4 = taPrefix010_4();
ptaWait_n010_5 = taWait_n010_5();
ptaIntCho011_4 = taIntCho011_4();
ptaPrefix0110_5 = taPrefix0110_5();
ptaWait_n0110_6 = taWait_n0110_6();
ptaSequen01116 = taSequen01116();
ptaPrefix01110_7 = taPrefix01110_7();
ptaPrefix01110_8 = taPrefix01110_8();
ptaWait_n01110_9 = taWait_n01110_9();
ptaPrefix01111_8 = taPrefix01111_8();
ptaWait_n01111_9 = taWait_n01111_9();
pSyncTA = SyncTA();


system pEnv, ptaIntCho0_0, ptaIntCho00_1, ptaPrefix000_2, ptaWait_n000_3, ptaSequen0013, ptaPrefix0010_4, ptaPrefix0010_5, ptaWait_n0010_6, ptaPrefix0011_5, ptaWait_n0011_6, ptaSequen012, ptaPrefix010_3, ptaPrefix010_4, ptaWait_n010_5, ptaIntCho011_4, ptaPrefix0110_5, ptaWait_n0110_6, ptaSequen01116, ptaPrefix01110_7, ptaPrefix01110_8, ptaWait_n01110_9, ptaPrefix01111_8, ptaWait_n01111_9, pSyncTA;
</system>

<queries>
<query><formula> E&lt;&gt;  ((dp == 0)) 
</formula>
<comment>  Can we gate a trace up to length 0 
</comment> 
</query> 
</queries>
</nta>