{ "copyright_notice": "FDR Version 4.2.4 copyright 2016 Oxford University Innovation Ltd. All Rights Reserved.","license_type": "Academic license for non-commercial use only","results": [{ "assertion_string": "p4_B ; itick -> STOP [] tp01\n    [T= prioritise(p4_Bt, <{}, {mark}, {itick, tick}, {tock}>)","errors": [],"is_negated": 0,"result": 1,"visited_states": 9,"visited_transitions": 11,"visited_plys": 5,"counterexamples": []}],"print_statement_results": [],"file_name": "GenFiles\/p4_B\/FDR\/p4_B_s2\/p4_B_s2.csp","event_map": {},"warnings": [],"errors": []}