{ "copyright_notice": "FDR Version 4.2.4 copyright 2016 Oxford University Innovation Ltd. All Rights Reserved.","license_type": "Academic license for non-commercial use only","results": [{ "assertion_string": "p2_B ; itick -> STOP [] tp01\n    [T= prioritise(p2_Bt, <{}, {mark}, {itick, tick}, {tock}>)","errors": [],"is_negated": 0,"result": 1,"visited_states": 12,"visited_transitions": 12,"visited_plys": 8,"counterexamples": []}],"print_statement_results": [],"file_name": "GenFiles\/p2_B\/FDR\/p2_B_s3\/p2_B_s3.csp","event_map": {},"warnings": [],"errors": []}