{ "copyright_notice": "FDR Version 4.2.4 copyright 2016 Oxford University Innovation Ltd. All Rights Reserved.","license_type": "Academic license for non-commercial use only","results": [{ "assertion_string": "p1_E ; itick -> STOP [] tp01\n    [T= prioritise(p1_Et, <{}, {mark}, {itick, tick}, {tock}>)","errors": [],"is_negated": 0,"result": 1,"visited_states": 4,"visited_transitions": 4,"visited_plys": 4,"counterexamples": []}],"print_statement_results": [],"file_name": "GenFiles\/p1_E\/FDR\/p1_E_s2\/p1_E_s2.csp","event_map": {},"warnings": [],"errors": []}