{ "copyright_notice": "FDR Version 4.2.4 copyright 2016 Oxford University Innovation Ltd. All Rights Reserved.","license_type": "Academic license for non-commercial use only","results": [{ "assertion_string": "p4_7 ; itick -> STOP [] tp01\n    [T= prioritise(p4_7t, <{}, {mark}, {itick, tick}, {tock}>)","errors": [],"is_negated": 0,"result": 1,"visited_states": 11,"visited_transitions": 17,"visited_plys": 6,"counterexamples": []}],"print_statement_results": [],"file_name": "GenFiles\/p4_7\/FDR\/p4_7_s2\/p4_7_s2.csp","event_map": {},"warnings": [],"errors": []}