{ "copyright_notice": "FDR Version 4.2.4 copyright 2016 Oxford University Innovation Ltd. All Rights Reserved.","license_type": "Academic license for non-commercial use only","results": [{ "assertion_string": "p4_D ; itick -> STOP [] tp01\n    [T= prioritise(p4_Dt, <{}, {mark}, {itick, tick}, {tock}>)","errors": [],"is_negated": 0,"result": 1,"visited_states": 18,"visited_transitions": 28,"visited_plys": 7,"counterexamples": []}],"print_statement_results": [],"file_name": "GenFiles\/p4_D\/FDR\/p4_D_s2\/p4_D_s2.csp","event_map": {},"warnings": [],"errors": []}